startingAirport,destinationAirport,flight_hour,segmentsAirlineCode
ATL,BOS,0,AA
ATL,BOS,1,DL
ATL,BOS,2,DL
ATL,BOS,3,DL
ATL,BOS,9,UA
ATL,BOS,10,AA
ATL,BOS,11,DL
ATL,BOS,12,AA
ATL,BOS,13,UA
ATL,BOS,14,DL
ATL,BOS,15,AA
ATL,BOS,16,DL
ATL,BOS,17,DL
ATL,BOS,18,AA
ATL,BOS,19,DL
ATL,BOS,20,DL
ATL,BOS,21,AA
ATL,BOS,22,DL
ATL,BOS,23,UA
ATL,CLT,0,AA
ATL,CLT,1,DL
ATL,CLT,2,DL
ATL,CLT,3,DL
ATL,CLT,9,UA
ATL,CLT,10,AA
ATL,CLT,11,DL
ATL,CLT,12,AA
ATL,CLT,13,UA
ATL,CLT,14,DL
ATL,CLT,15,AA
ATL,CLT,16,DL
ATL,CLT,17,UA
ATL,CLT,18,AA
ATL,CLT,19,DL
ATL,CLT,20,AA
ATL,CLT,21,DL
ATL,CLT,22,AA
ATL,CLT,23,DL
ATL,DEN,0,DL
ATL,DEN,1,UA
ATL,DEN,2,F9
ATL,DEN,3,DL
ATL,DEN,9,NK
ATL,DEN,10,AA
ATL,DEN,11,B6
ATL,DEN,12,AA
ATL,DEN,13,UA
ATL,DEN,14,DL
ATL,DEN,15,DL
ATL,DEN,16,AA
ATL,DEN,17,UA
ATL,DEN,18,AA
ATL,DEN,19,DL
ATL,DEN,20,UA
ATL,DEN,21,UA
ATL,DEN,22,AA
ATL,DEN,23,DL
ATL,DFW,0,DL
ATL,DFW,1,DL
ATL,DFW,2,DL
ATL,DFW,3,DL
ATL,DFW,9,UA
ATL,DFW,10,AA
ATL,DFW,11,UA
ATL,DFW,12,DL
ATL,DFW,13,NK
ATL,DFW,14,NK
ATL,DFW,15,DL
ATL,DFW,16,AA
ATL,DFW,17,AA
ATL,DFW,18,DL
ATL,DFW,19,UA
ATL,DFW,20,DL
ATL,DFW,21,UA
ATL,DFW,22,AA
ATL,DFW,23,AA
ATL,DTW,0,DL
ATL,DTW,1,DL
ATL,DTW,2,DL
ATL,DTW,3,DL
ATL,DTW,9,UA
ATL,DTW,10,AA
ATL,DTW,11,DL
ATL,DTW,12,DL
ATL,DTW,13,DL
ATL,DTW,14,NK
ATL,DTW,15,DL
ATL,DTW,16,AA
ATL,DTW,17,DL
ATL,DTW,18,NK
ATL,DTW,19,DL
ATL,DTW,20,AA
ATL,DTW,21,DL
ATL,DTW,22,AA
ATL,DTW,23,DL
ATL,EWR,0,DL
ATL,EWR,1,UA
ATL,EWR,2,DL
ATL,EWR,3,DL
ATL,EWR,9,NK
ATL,EWR,10,AA
ATL,EWR,11,DL
ATL,EWR,12,AA
ATL,EWR,13,NK
ATL,EWR,14,NK
ATL,EWR,15,DL
ATL,EWR,16,UA
ATL,EWR,17,UA
ATL,EWR,18,DL
ATL,EWR,19,UA
ATL,EWR,20,AA
ATL,EWR,21,UA
ATL,EWR,22,DL
ATL,EWR,23,UA
ATL,IAD,0,UA
ATL,IAD,1,UA
ATL,IAD,2,DL
ATL,IAD,3,DL
ATL,IAD,9,UA
ATL,IAD,10,AA
ATL,IAD,11,DL
ATL,IAD,12,AA
ATL,IAD,13,UA
ATL,IAD,14,DL
ATL,IAD,15,AA
ATL,IAD,16,UA
ATL,IAD,17,DL
ATL,IAD,18,UA
ATL,IAD,19,UA
ATL,IAD,20,DL
ATL,IAD,21,DL
ATL,IAD,22,AA
ATL,IAD,23,UA
ATL,JFK,0,AA
ATL,JFK,1,DL
ATL,JFK,2,DL
ATL,JFK,3,DL
ATL,JFK,9,UA
ATL,JFK,10,AA
ATL,JFK,11,DL
ATL,JFK,12,AA
ATL,JFK,13,UA
ATL,JFK,14,DL
ATL,JFK,15,AA
ATL,JFK,16,DL
ATL,JFK,17,UA
ATL,JFK,18,AA
ATL,JFK,19,DL
ATL,JFK,20,AA
ATL,JFK,21,DL
ATL,JFK,22,AA
ATL,JFK,23,DL
ATL,LAX,0,DL
ATL,LAX,1,DL
ATL,LAX,2,DL
ATL,LAX,3,DL
ATL,LAX,9,NK
ATL,LAX,10,AA
ATL,LAX,11,DL
ATL,LAX,12,AA
ATL,LAX,13,NK
ATL,LAX,14,DL
ATL,LAX,15,UA
ATL,LAX,16,DL
ATL,LAX,17,UA
ATL,LAX,18,NK
ATL,LAX,19,DL
ATL,LAX,20,AA
ATL,LAX,21,UA
ATL,LAX,22,AA
ATL,LAX,23,UA
ATL,LGA,0,DL
ATL,LGA,1,DL
ATL,LGA,2,DL
ATL,LGA,3,DL
ATL,LGA,9,UA
ATL,LGA,10,AA
ATL,LGA,11,DL
ATL,LGA,12,AA
ATL,LGA,13,UA
ATL,LGA,14,DL
ATL,LGA,15,AA
ATL,LGA,16,DL
ATL,LGA,17,DL
ATL,LGA,18,AA
ATL,LGA,19,DL
ATL,LGA,20,AA
ATL,LGA,21,AA
ATL,LGA,22,DL
ATL,LGA,23,DL
ATL,MIA,0,DL
ATL,MIA,1,UA
ATL,MIA,2,DL
ATL,MIA,3,DL
ATL,MIA,9,AA
ATL,MIA,10,UA
ATL,MIA,11,DL
ATL,MIA,12,NK
ATL,MIA,13,UA
ATL,MIA,14,B6
ATL,MIA,15,AA
ATL,MIA,16,UA
ATL,MIA,17,DL
ATL,MIA,18,B6
ATL,MIA,19,UA
ATL,MIA,20,DL
ATL,MIA,21,AA
ATL,MIA,22,DL
ATL,MIA,23,AA
ATL,OAK,0,DL
ATL,OAK,1,DL
ATL,OAK,2,DL
ATL,OAK,3,DL
ATL,OAK,9,NK
ATL,OAK,10,UA
ATL,OAK,11,NK
ATL,OAK,12,UA
ATL,OAK,13,DL
ATL,OAK,14,NK
ATL,OAK,15,UA
ATL,OAK,16,DL
ATL,OAK,17,UA
ATL,OAK,18,DL
ATL,OAK,19,UA
ATL,OAK,20,UA
ATL,OAK,21,DL
ATL,OAK,22,DL
ATL,OAK,23,DL
ATL,ORD,0,DL
ATL,ORD,1,UA
ATL,ORD,2,DL
ATL,ORD,3,DL
ATL,ORD,9,AA
ATL,ORD,10,AA
ATL,ORD,11,DL
ATL,ORD,12,AA
ATL,ORD,13,NK
ATL,ORD,14,AA
ATL,ORD,15,AA
ATL,ORD,16,AA
ATL,ORD,17,DL
ATL,ORD,18,NK
ATL,ORD,19,DL
ATL,ORD,20,AA
ATL,ORD,21,UA
ATL,ORD,22,AA
ATL,ORD,23,UA
ATL,PHL,0,DL
ATL,PHL,1,DL
ATL,PHL,2,DL
ATL,PHL,3,F9
ATL,PHL,9,NK
ATL,PHL,10,UA
ATL,PHL,11,AA
ATL,PHL,12,AA
ATL,PHL,13,NK
ATL,PHL,14,AA
ATL,PHL,15,B6
ATL,PHL,16,AA
ATL,PHL,17,UA
ATL,PHL,18,DL
ATL,PHL,19,NK
ATL,PHL,20,NK
ATL,PHL,21,UA
ATL,PHL,22,DL
ATL,PHL,23,AA
ATL,SFO,0,DL
ATL,SFO,1,DL
ATL,SFO,2,DL
ATL,SFO,3,DL
ATL,SFO,9,UA
ATL,SFO,10,AA
ATL,SFO,11,DL
ATL,SFO,12,DL
ATL,SFO,13,UA
ATL,SFO,14,DL
ATL,SFO,15,DL
ATL,SFO,16,DL
ATL,SFO,17,UA
ATL,SFO,18,DL
ATL,SFO,19,DL
ATL,SFO,20,DL
ATL,SFO,21,DL
ATL,SFO,22,AA
ATL,SFO,23,UA
BOS,ATL,0,DL
BOS,ATL,1,DL
BOS,ATL,2,B6
BOS,ATL,9,AA
BOS,ATL,10,DL
BOS,ATL,11,DL
BOS,ATL,12,DL
BOS,ATL,13,UA
BOS,ATL,14,DL
BOS,ATL,15,UA
BOS,ATL,16,UA
BOS,ATL,17,DL
BOS,ATL,18,AA
BOS,ATL,19,DL
BOS,ATL,20,AA
BOS,ATL,21,DL
BOS,ATL,22,DL
BOS,ATL,23,UA
BOS,CLT,0,DL
BOS,CLT,1,B6
BOS,CLT,9,AA
BOS,CLT,10,AA
BOS,CLT,11,AA
BOS,CLT,12,4B
BOS,CLT,13,AA
BOS,CLT,14,AA
BOS,CLT,15,DL
BOS,CLT,16,DL
BOS,CLT,17,AA
BOS,CLT,18,AA
BOS,CLT,19,AA
BOS,CLT,20,AA
BOS,CLT,21,DL
BOS,CLT,22,AA
BOS,CLT,23,UA
BOS,DEN,0,AA
BOS,DEN,1,UA
BOS,DEN,2,DL
BOS,DEN,9,AA
BOS,DEN,10,DL
BOS,DEN,11,UA
BOS,DEN,12,AA
BOS,DEN,13,UA
BOS,DEN,14,AA
BOS,DEN,15,UA
BOS,DEN,16,DL
BOS,DEN,17,DL
BOS,DEN,18,AA
BOS,DEN,19,UA
BOS,DEN,20,AA
BOS,DEN,21,DL
BOS,DEN,22,UA
BOS,DEN,23,UA
BOS,DFW,0,DL
BOS,DFW,1,DL
BOS,DFW,9,AA
BOS,DFW,10,AA
BOS,DFW,11,AA
BOS,DFW,12,UA
BOS,DFW,13,UA
BOS,DFW,14,DL
BOS,DFW,15,UA
BOS,DFW,16,AA
BOS,DFW,17,DL
BOS,DFW,18,AA
BOS,DFW,19,AA
BOS,DFW,20,AA
BOS,DFW,21,DL
BOS,DFW,22,AA
BOS,DFW,23,AA
BOS,DTW,0,AA
BOS,DTW,1,DL
BOS,DTW,2,DL
BOS,DTW,9,DL
BOS,DTW,10,UA
BOS,DTW,11,UA
BOS,DTW,12,UA
BOS,DTW,13,NK
BOS,DTW,14,AA
BOS,DTW,15,UA
BOS,DTW,16,AA
BOS,DTW,17,DL
BOS,DTW,18,UA
BOS,DTW,19,UA
BOS,DTW,20,AA
BOS,DTW,21,DL
BOS,DTW,22,AA
BOS,DTW,23,UA
BOS,EWR,0,NK
BOS,EWR,1,B6
BOS,EWR,2,DL
BOS,EWR,9,AA
BOS,EWR,10,UA
BOS,EWR,11,AA
BOS,EWR,12,UA
BOS,EWR,13,AA
BOS,EWR,14,AA
BOS,EWR,15,UA
BOS,EWR,16,UA
BOS,EWR,17,AA
BOS,EWR,18,AA
BOS,EWR,19,UA
BOS,EWR,20,AA
BOS,EWR,21,UA
BOS,EWR,22,AA
BOS,EWR,23,UA
BOS,IAD,0,UA
BOS,IAD,2,DL
BOS,IAD,9,AA
BOS,IAD,10,DL
BOS,IAD,11,AA
BOS,IAD,12,AA
BOS,IAD,13,DL
BOS,IAD,14,UA
BOS,IAD,15,DL
BOS,IAD,16,DL
BOS,IAD,17,AA
BOS,IAD,18,UA
BOS,IAD,19,UA
BOS,IAD,20,AA
BOS,IAD,21,DL
BOS,IAD,22,AA
BOS,IAD,23,UA
BOS,JFK,0,AA
BOS,JFK,1,DL
BOS,JFK,2,AA
BOS,JFK,9,UA
BOS,JFK,10,DL
BOS,JFK,11,AA
BOS,JFK,12,B6
BOS,JFK,13,DL
BOS,JFK,14,AA
BOS,JFK,15,DL
BOS,JFK,16,DL
BOS,JFK,17,DL
BOS,JFK,18,DL
BOS,JFK,19,AA
BOS,JFK,20,AA
BOS,JFK,21,DL
BOS,JFK,22,AA
BOS,JFK,23,AA
BOS,LAX,0,B6
BOS,LAX,1,B6
BOS,LAX,2,B6
BOS,LAX,9,AA
BOS,LAX,10,AA
BOS,LAX,11,DL
BOS,LAX,12,AA
BOS,LAX,13,AA
BOS,LAX,14,DL
BOS,LAX,15,UA
BOS,LAX,16,AA
BOS,LAX,17,AA
BOS,LAX,18,AA
BOS,LAX,19,DL
BOS,LAX,20,AA
BOS,LAX,21,DL
BOS,LAX,22,UA
BOS,LAX,23,B6
BOS,LGA,0,DL
BOS,LGA,1,DL
BOS,LGA,2,B6
BOS,LGA,9,UA
BOS,LGA,10,AA
BOS,LGA,11,AA
BOS,LGA,12,AA
BOS,LGA,13,AA
BOS,LGA,14,UA
BOS,LGA,15,DL
BOS,LGA,16,AA
BOS,LGA,17,DL
BOS,LGA,18,AA
BOS,LGA,19,AA
BOS,LGA,20,AA
BOS,LGA,21,AA
BOS,LGA,22,AA
BOS,LGA,23,AA
BOS,MIA,0,DL
BOS,MIA,1,DL
BOS,MIA,2,B6
BOS,MIA,9,B6
BOS,MIA,10,UA
BOS,MIA,11,AA
BOS,MIA,12,B6
BOS,MIA,13,AA
BOS,MIA,14,AA
BOS,MIA,15,UA
BOS,MIA,16,AA
BOS,MIA,17,AA
BOS,MIA,18,UA
BOS,MIA,19,AA
BOS,MIA,20,AA
BOS,MIA,21,UA
BOS,MIA,22,B6
BOS,MIA,23,B6
BOS,OAK,0,AS
BOS,OAK,1,DL
BOS,OAK,2,AS
BOS,OAK,9,UA
BOS,OAK,10,UA
BOS,OAK,11,AS
BOS,OAK,12,UA
BOS,OAK,13,UA
BOS,OAK,14,DL
BOS,OAK,15,AS
BOS,OAK,16,AS
BOS,OAK,17,UA
BOS,OAK,18,AS
BOS,OAK,19,DL
BOS,OAK,20,AS
BOS,OAK,21,DL
BOS,OAK,22,DL
BOS,OAK,23,AS
BOS,ORD,0,DL
BOS,ORD,1,DL
BOS,ORD,2,DL
BOS,ORD,9,B6
BOS,ORD,10,DL
BOS,ORD,11,AA
BOS,ORD,12,AA
BOS,ORD,13,AA
BOS,ORD,14,AA
BOS,ORD,15,SY
BOS,ORD,16,AA
BOS,ORD,17,UA
BOS,ORD,18,AA
BOS,ORD,19,AA
BOS,ORD,20,DL
BOS,ORD,21,AA
BOS,ORD,22,UA
BOS,ORD,23,AA
BOS,PHL,0,AA
BOS,PHL,1,B6
BOS,PHL,2,DL
BOS,PHL,9,NK
BOS,PHL,10,AA
BOS,PHL,11,AA
BOS,PHL,12,UA
BOS,PHL,13,UA
BOS,PHL,14,B6
BOS,PHL,15,UA
BOS,PHL,16,UA
BOS,PHL,17,AA
BOS,PHL,18,UA
BOS,PHL,19,DL
BOS,PHL,20,AA
BOS,PHL,21,AA
BOS,PHL,22,AA
BOS,PHL,23,DL
BOS,SFO,0,B6
BOS,SFO,1,B6
BOS,SFO,2,B6
BOS,SFO,9,AA
BOS,SFO,10,AA
BOS,SFO,11,AA
BOS,SFO,12,UA
BOS,SFO,13,DL
BOS,SFO,14,AA
BOS,SFO,15,UA
BOS,SFO,16,DL
BOS,SFO,17,UA
BOS,SFO,18,AA
BOS,SFO,19,UA
BOS,SFO,20,AA
BOS,SFO,21,DL
BOS,SFO,22,AA
BOS,SFO,23,UA
CLT,ATL,0,AA
CLT,ATL,1,UA
CLT,ATL,2,AA
CLT,ATL,9,DL
CLT,ATL,10,UA
CLT,ATL,11,AA
CLT,ATL,12,DL
CLT,ATL,13,AA
CLT,ATL,14,UA
CLT,ATL,15,AA
CLT,ATL,16,DL
CLT,ATL,17,AA
CLT,ATL,18,AA
CLT,ATL,19,UA
CLT,ATL,20,AA
CLT,ATL,21,DL
CLT,ATL,22,AA
CLT,ATL,23,UA
CLT,BOS,0,AA
CLT,BOS,1,UA
CLT,BOS,2,AA
CLT,BOS,9,DL
CLT,BOS,10,UA
CLT,BOS,11,UA
CLT,BOS,12,DL
CLT,BOS,13,AA
CLT,BOS,14,AA
CLT,BOS,15,DL
CLT,BOS,16,B6
CLT,BOS,17,AA
CLT,BOS,18,AA
CLT,BOS,19,AA
CLT,BOS,20,B6
CLT,BOS,21,AA
CLT,BOS,22,AA
CLT,BOS,23,UA
CLT,DEN,0,AA
CLT,DEN,1,AA
CLT,DEN,2,AA
CLT,DEN,9,DL
CLT,DEN,10,DL
CLT,DEN,11,UA
CLT,DEN,12,UA
CLT,DEN,13,AA
CLT,DEN,14,DL
CLT,DEN,15,AA
CLT,DEN,16,DL
CLT,DEN,17,AA
CLT,DEN,18,DL
CLT,DEN,19,AA
CLT,DEN,20,AA
CLT,DEN,21,UA
CLT,DEN,22,DL
CLT,DEN,23,UA
CLT,DFW,0,AA
CLT,DFW,1,AA
CLT,DFW,2,AA
CLT,DFW,9,DL
CLT,DFW,10,NK
CLT,DFW,11,AA
CLT,DFW,12,DL
CLT,DFW,13,AA
CLT,DFW,14,DL
CLT,DFW,15,AA
CLT,DFW,16,DL
CLT,DFW,17,AA
CLT,DFW,18,AA
CLT,DFW,19,AA
CLT,DFW,20,AA
CLT,DFW,21,DL
CLT,DFW,22,AA
CLT,DFW,23,DL
CLT,DTW,0,AA
CLT,DTW,1,AA
CLT,DTW,2,AA
CLT,DTW,9,DL
CLT,DTW,10,DL
CLT,DTW,11,AA
CLT,DTW,12,DL
CLT,DTW,13,DL
CLT,DTW,14,UA
CLT,DTW,15,UA
CLT,DTW,16,DL
CLT,DTW,17,NK
CLT,DTW,18,AA
CLT,DTW,19,UA
CLT,DTW,20,AA
CLT,DTW,21,AA
CLT,DTW,22,DL
CLT,DTW,23,UA
CLT,EWR,0,AA
CLT,EWR,1,UA
CLT,EWR,2,AA
CLT,EWR,9,DL
CLT,EWR,10,UA
CLT,EWR,11,DL
CLT,EWR,12,DL
CLT,EWR,13,AA
CLT,EWR,14,DL
CLT,EWR,15,AA
CLT,EWR,16,DL
CLT,EWR,17,AA
CLT,EWR,18,DL
CLT,EWR,19,UA
CLT,EWR,20,AA
CLT,EWR,21,UA
CLT,EWR,22,AA
CLT,EWR,23,UA
CLT,IAD,0,AA
CLT,IAD,2,AA
CLT,IAD,9,DL
CLT,IAD,10,UA
CLT,IAD,11,UA
CLT,IAD,12,AA
CLT,IAD,13,AA
CLT,IAD,14,UA
CLT,IAD,15,DL
CLT,IAD,16,DL
CLT,IAD,17,DL
CLT,IAD,18,UA
CLT,IAD,19,AA
CLT,IAD,20,DL
CLT,IAD,21,DL
CLT,IAD,22,DL
CLT,IAD,23,UA
CLT,JFK,0,B6
CLT,JFK,1,AA
CLT,JFK,2,AA
CLT,JFK,9,DL
CLT,JFK,10,UA
CLT,JFK,11,AA
CLT,JFK,12,AA
CLT,JFK,13,AA
CLT,JFK,14,UA
CLT,JFK,15,DL
CLT,JFK,16,B6
CLT,JFK,17,AA
CLT,JFK,18,AA
CLT,JFK,19,AA
CLT,JFK,20,AA
CLT,JFK,21,DL
CLT,JFK,22,AA
CLT,JFK,23,UA
CLT,LAX,0,AA
CLT,LAX,1,F9
CLT,LAX,2,AA
CLT,LAX,9,DL
CLT,LAX,10,DL
CLT,LAX,11,UA
CLT,LAX,12,UA
CLT,LAX,13,AA
CLT,LAX,14,DL
CLT,LAX,15,UA
CLT,LAX,16,DL
CLT,LAX,17,AA
CLT,LAX,18,AA
CLT,LAX,19,UA
CLT,LAX,20,UA
CLT,LAX,21,UA
CLT,LAX,22,DL
CLT,LAX,23,UA
CLT,LGA,0,AA
CLT,LGA,1,AA
CLT,LGA,2,AA
CLT,LGA,9,AA
CLT,LGA,10,UA
CLT,LGA,11,AA
CLT,LGA,12,DL
CLT,LGA,13,AA
CLT,LGA,14,UA
CLT,LGA,15,AA
CLT,LGA,16,B6
CLT,LGA,17,AA
CLT,LGA,18,AA
CLT,LGA,19,AA
CLT,LGA,20,AA
CLT,LGA,21,DL
CLT,LGA,22,AA
CLT,LGA,23,UA
CLT,MIA,0,AA
CLT,MIA,1,AA
CLT,MIA,2,AA
CLT,MIA,3,AA
CLT,MIA,9,DL
CLT,MIA,10,DL
CLT,MIA,11,AA
CLT,MIA,12,DL
CLT,MIA,13,AA
CLT,MIA,14,UA
CLT,MIA,15,AA
CLT,MIA,16,DL
CLT,MIA,17,AA
CLT,MIA,18,AA
CLT,MIA,19,AA
CLT,MIA,20,AA
CLT,MIA,21,DL
CLT,MIA,22,AA
CLT,MIA,23,DL
CLT,OAK,0,F9
CLT,OAK,1,F9
CLT,OAK,9,DL
CLT,OAK,10,UA
CLT,OAK,11,UA
CLT,OAK,12,UA
CLT,OAK,13,AS
CLT,OAK,14,UA
CLT,OAK,15,UA
CLT,OAK,16,DL
CLT,OAK,17,UA
CLT,OAK,18,DL
CLT,OAK,19,UA
CLT,OAK,20,UA
CLT,OAK,21,DL
CLT,OAK,22,DL
CLT,OAK,23,DL
CLT,ORD,0,AA
CLT,ORD,1,AA
CLT,ORD,2,AA
CLT,ORD,9,AA
CLT,ORD,10,UA
CLT,ORD,11,AA
CLT,ORD,12,AA
CLT,ORD,13,AA
CLT,ORD,14,AA
CLT,ORD,15,AA
CLT,ORD,16,DL
CLT,ORD,17,AA
CLT,ORD,18,AA
CLT,ORD,19,AA
CLT,ORD,20,AA
CLT,ORD,21,UA
CLT,ORD,22,AA
CLT,ORD,23,UA
CLT,PHL,0,AA
CLT,PHL,1,AA
CLT,PHL,2,AA
CLT,PHL,9,DL
CLT,PHL,10,NK
CLT,PHL,11,AA
CLT,PHL,12,DL
CLT,PHL,13,AA
CLT,PHL,14,AA
CLT,PHL,15,AA
CLT,PHL,16,B6
CLT,PHL,17,AA
CLT,PHL,18,AA
CLT,PHL,19,UA
CLT,PHL,20,AA
CLT,PHL,21,UA
CLT,PHL,22,AA
CLT,PHL,23,DL
CLT,SFO,0,AA
CLT,SFO,1,AA
CLT,SFO,2,AA
CLT,SFO,9,DL
CLT,SFO,10,DL
CLT,SFO,11,UA
CLT,SFO,12,UA
CLT,SFO,13,AA
CLT,SFO,14,UA
CLT,SFO,15,UA
CLT,SFO,16,DL
CLT,SFO,17,AA
CLT,SFO,18,UA
CLT,SFO,19,UA
CLT,SFO,20,AA
CLT,SFO,21,DL
CLT,SFO,22,DL
CLT,SFO,23,UA
DEN,ATL,0,DL
DEN,ATL,1,NK
DEN,ATL,2,UA
DEN,ATL,3,NK
DEN,ATL,4,UA
DEN,ATL,5,UA
DEN,ATL,6,AA
DEN,ATL,11,AA
DEN,ATL,12,AA
DEN,ATL,13,DL
DEN,ATL,14,AA
DEN,ATL,15,DL
DEN,ATL,16,AA
DEN,ATL,17,DL
DEN,ATL,18,AA
DEN,ATL,19,DL
DEN,ATL,20,AA
DEN,ATL,21,DL
DEN,ATL,22,AA
DEN,ATL,23,UA
DEN,BOS,0,AA
DEN,BOS,1,UA
DEN,BOS,2,DL
DEN,BOS,3,UA
DEN,BOS,5,B6
DEN,BOS,6,DL
DEN,BOS,11,AA
DEN,BOS,12,DL
DEN,BOS,13,UA
DEN,BOS,14,AA
DEN,BOS,15,DL
DEN,BOS,16,AA
DEN,BOS,17,DL
DEN,BOS,18,AA
DEN,BOS,19,UA
DEN,BOS,20,AA
DEN,BOS,21,AA
DEN,BOS,22,DL
DEN,BOS,23,UA
DEN,CLT,0,AA
DEN,CLT,1,F9
DEN,CLT,2,UA
DEN,CLT,3,UA
DEN,CLT,4,UA
DEN,CLT,5,UA
DEN,CLT,6,DL
DEN,CLT,11,AA
DEN,CLT,12,DL
DEN,CLT,13,DL
DEN,CLT,14,UA
DEN,CLT,15,AA
DEN,CLT,16,AA
DEN,CLT,17,AA
DEN,CLT,18,DL
DEN,CLT,19,AA
DEN,CLT,20,AA
DEN,CLT,21,DL
DEN,CLT,22,DL
DEN,CLT,23,UA
DEN,DFW,0,DL
DEN,DFW,1,NK
DEN,DFW,2,UA
DEN,DFW,3,UA
DEN,DFW,4,F9
DEN,DFW,5,F9
DEN,DFW,6,DL
DEN,DFW,11,DL
DEN,DFW,12,AA
DEN,DFW,13,UA
DEN,DFW,14,AA
DEN,DFW,15,UA
DEN,DFW,16,AA
DEN,DFW,17,UA
DEN,DFW,18,AA
DEN,DFW,19,UA
DEN,DFW,20,AA
DEN,DFW,21,DL
DEN,DFW,22,AA
DEN,DFW,23,UA
DEN,DTW,0,DL
DEN,DTW,1,NK
DEN,DTW,2,UA
DEN,DTW,3,NK
DEN,DTW,4,F9
DEN,DTW,5,UA
DEN,DTW,6,DL
DEN,DTW,11,AA
DEN,DTW,12,DL
DEN,DTW,13,AA
DEN,DTW,14,AA
DEN,DTW,15,UA
DEN,DTW,16,AA
DEN,DTW,17,DL
DEN,DTW,18,NK
DEN,DTW,19,NK
DEN,DTW,20,AA
DEN,DTW,21,DL
DEN,DTW,22,AA
DEN,DTW,23,UA
DEN,EWR,0,AA
DEN,EWR,1,UA
DEN,EWR,2,UA
DEN,EWR,3,UA
DEN,EWR,4,UA
DEN,EWR,5,UA
DEN,EWR,6,DL
DEN,EWR,11,AA
DEN,EWR,12,DL
DEN,EWR,13,DL
DEN,EWR,14,UA
DEN,EWR,15,DL
DEN,EWR,16,AA
DEN,EWR,17,DL
DEN,EWR,18,AA
DEN,EWR,19,UA
DEN,EWR,20,AA
DEN,EWR,21,AA
DEN,EWR,22,UA
DEN,EWR,23,UA
DEN,IAD,0,AA
DEN,IAD,1,UA
DEN,IAD,2,UA
DEN,IAD,3,UA
DEN,IAD,5,UA
DEN,IAD,6,DL
DEN,IAD,11,AA
DEN,IAD,12,UA
DEN,IAD,13,UA
DEN,IAD,14,UA
DEN,IAD,15,UA
DEN,IAD,16,UA
DEN,IAD,17,UA
DEN,IAD,18,DL
DEN,IAD,19,UA
DEN,IAD,20,AA
DEN,IAD,21,UA
DEN,IAD,22,DL
DEN,IAD,23,UA
DEN,JFK,0,DL
DEN,JFK,1,UA
DEN,JFK,2,UA
DEN,JFK,3,UA
DEN,JFK,5,UA
DEN,JFK,6,AA
DEN,JFK,11,AA
DEN,JFK,12,UA
DEN,JFK,13,UA
DEN,JFK,14,UA
DEN,JFK,15,UA
DEN,JFK,16,UA
DEN,JFK,17,UA
DEN,JFK,18,DL
DEN,JFK,19,UA
DEN,JFK,20,DL
DEN,JFK,21,AA
DEN,JFK,22,UA
DEN,JFK,23,UA
DEN,LAX,0,AA
DEN,LAX,1,UA
DEN,LAX,2,DL
DEN,LAX,3,NK
DEN,LAX,4,F9
DEN,LAX,5,F9
DEN,LAX,11,DL
DEN,LAX,12,AS
DEN,LAX,13,DL
DEN,LAX,14,AA
DEN,LAX,15,KG
DEN,LAX,16,UA
DEN,LAX,17,UA
DEN,LAX,18,DL
DEN,LAX,19,UA
DEN,LAX,20,DL
DEN,LAX,21,UA
DEN,LAX,22,AS
DEN,LAX,23,UA
DEN,LGA,0,DL
DEN,LGA,1,UA
DEN,LGA,2,UA
DEN,LGA,3,UA
DEN,LGA,4,UA
DEN,LGA,5,B6
DEN,LGA,6,DL
DEN,LGA,11,AA
DEN,LGA,12,AA
DEN,LGA,13,UA
DEN,LGA,14,AA
DEN,LGA,15,DL
DEN,LGA,16,AA
DEN,LGA,17,UA
DEN,LGA,18,AA
DEN,LGA,19,UA
DEN,LGA,20,AA
DEN,LGA,21,UA
DEN,LGA,22,DL
DEN,LGA,23,UA
DEN,MIA,0,AA
DEN,MIA,1,UA
DEN,MIA,2,UA
DEN,MIA,3,UA
DEN,MIA,4,UA
DEN,MIA,5,B6
DEN,MIA,6,DL
DEN,MIA,11,AA
DEN,MIA,12,DL
DEN,MIA,13,DL
DEN,MIA,14,AA
DEN,MIA,15,DL
DEN,MIA,16,NK
DEN,MIA,17,DL
DEN,MIA,18,AA
DEN,MIA,19,UA
DEN,MIA,20,DL
DEN,MIA,21,AA
DEN,MIA,22,AA
DEN,MIA,23,UA
DEN,OAK,0,DL
DEN,OAK,1,NK
DEN,OAK,2,DL
DEN,OAK,3,NK
DEN,OAK,4,F9
DEN,OAK,5,F9
DEN,OAK,11,DL
DEN,OAK,12,AS
DEN,OAK,13,UA
DEN,OAK,14,DL
DEN,OAK,15,UA
DEN,OAK,16,UA
DEN,OAK,17,UA
DEN,OAK,18,NK
DEN,OAK,19,UA
DEN,OAK,20,AS
DEN,OAK,21,UA
DEN,OAK,22,UA
DEN,OAK,23,UA
DEN,ORD,0,AA
DEN,ORD,1,UA
DEN,ORD,2,UA
DEN,ORD,3,UA
DEN,ORD,4,UA
DEN,ORD,5,AA
DEN,ORD,6,DL
DEN,ORD,11,AA
DEN,ORD,12,DL
DEN,ORD,13,DL
DEN,ORD,14,UA
DEN,ORD,15,UA
DEN,ORD,16,AA
DEN,ORD,17,UA
DEN,ORD,18,DL
DEN,ORD,19,UA
DEN,ORD,20,DL
DEN,ORD,21,UA
DEN,ORD,22,DL
DEN,ORD,23,UA
DEN,PHL,0,AA
DEN,PHL,1,NK
DEN,PHL,2,DL
DEN,PHL,3,NK
DEN,PHL,4,UA
DEN,PHL,5,F9
DEN,PHL,6,F9
DEN,PHL,11,AA
DEN,PHL,12,UA
DEN,PHL,13,DL
DEN,PHL,14,UA
DEN,PHL,15,UA
DEN,PHL,16,AA
DEN,PHL,17,DL
DEN,PHL,18,AA
DEN,PHL,19,AA
DEN,PHL,20,AA
DEN,PHL,21,UA
DEN,PHL,22,DL
DEN,PHL,23,UA
DEN,SFO,0,AA
DEN,SFO,1,UA
DEN,SFO,2,UA
DEN,SFO,3,UA
DEN,SFO,4,F9
DEN,SFO,5,F9
DEN,SFO,11,DL
DEN,SFO,12,AS
DEN,SFO,13,UA
DEN,SFO,14,AA
DEN,SFO,15,AS
DEN,SFO,16,UA
DEN,SFO,17,UA
DEN,SFO,18,DL
DEN,SFO,19,UA
DEN,SFO,20,AS
DEN,SFO,21,UA
DEN,SFO,22,AS
DEN,SFO,23,UA
DFW,ATL,0,AA
DFW,ATL,1,AA
DFW,ATL,2,F9
DFW,ATL,3,F9
DFW,ATL,10,UA
DFW,ATL,11,DL
DFW,ATL,12,DL
DFW,ATL,13,AA
DFW,ATL,14,UA
DFW,ATL,15,DL
DFW,ATL,16,NK
DFW,ATL,17,UA
DFW,ATL,18,DL
DFW,ATL,19,AA
DFW,ATL,20,UA
DFW,ATL,21,DL
DFW,ATL,22,DL
DFW,ATL,23,DL
DFW,BOS,0,AA
DFW,BOS,1,AA
DFW,BOS,2,AA
DFW,BOS,10,AA
DFW,BOS,11,UA
DFW,BOS,12,DL
DFW,BOS,13,UA
DFW,BOS,14,AA
DFW,BOS,15,AA
DFW,BOS,16,UA
DFW,BOS,17,AA
DFW,BOS,18,NK
DFW,BOS,19,B6
DFW,BOS,20,AA
DFW,BOS,21,B6
DFW,BOS,22,UA
DFW,BOS,23,DL
DFW,CLT,0,DL
DFW,CLT,1,AA
DFW,CLT,2,AA
DFW,CLT,3,AA
DFW,CLT,10,AA
DFW,CLT,11,AA
DFW,CLT,12,DL
DFW,CLT,13,AA
DFW,CLT,14,AA
DFW,CLT,15,AA
DFW,CLT,16,AA
DFW,CLT,17,AA
DFW,CLT,18,AA
DFW,CLT,19,AA
DFW,CLT,20,AA
DFW,CLT,21,AA
DFW,CLT,22,UA
DFW,CLT,23,DL
DFW,DEN,0,UA
DFW,DEN,1,F9
DFW,DEN,2,AA
DFW,DEN,3,AA
DFW,DEN,10,DL
DFW,DEN,11,UA
DFW,DEN,12,DL
DFW,DEN,13,AA
DFW,DEN,14,UA
DFW,DEN,15,AA
DFW,DEN,16,UA
DFW,DEN,17,AA
DFW,DEN,18,AS
DFW,DEN,19,AA
DFW,DEN,20,AS
DFW,DEN,21,AA
DFW,DEN,22,UA
DFW,DEN,23,AA
DFW,DTW,0,DL
DFW,DTW,1,AA
DFW,DTW,2,F9
DFW,DTW,3,F9
DFW,DTW,10,NK
DFW,DTW,11,UA
DFW,DTW,12,DL
DFW,DTW,13,UA
DFW,DTW,14,AA
DFW,DTW,15,NK
DFW,DTW,16,DL
DFW,DTW,17,NK
DFW,DTW,18,DL
DFW,DTW,19,UA
DFW,DTW,20,AA
DFW,DTW,21,DL
DFW,DTW,22,UA
DFW,DTW,23,DL
DFW,EWR,0,UA
DFW,EWR,1,AA
DFW,EWR,2,AA
DFW,EWR,10,NK
DFW,EWR,11,UA
DFW,EWR,12,DL
DFW,EWR,13,AA
DFW,EWR,14,UA
DFW,EWR,15,DL
DFW,EWR,16,B6
DFW,EWR,17,DL
DFW,EWR,18,DL
DFW,EWR,19,AA
DFW,EWR,20,UA
DFW,EWR,21,UA
DFW,EWR,22,DL
DFW,EWR,23,AA
DFW,IAD,0,AA
DFW,IAD,1,AA
DFW,IAD,2,AA
DFW,IAD,10,AA
DFW,IAD,11,DL
DFW,IAD,12,DL
DFW,IAD,13,DL
DFW,IAD,14,AA
DFW,IAD,15,DL
DFW,IAD,16,UA
DFW,IAD,17,DL
DFW,IAD,18,DL
DFW,IAD,19,UA
DFW,IAD,20,DL
DFW,IAD,21,UA
DFW,IAD,22,UA
DFW,IAD,23,DL
DFW,JFK,0,AA
DFW,JFK,1,AA
DFW,JFK,2,AA
DFW,JFK,3,AA
DFW,JFK,10,AA
DFW,JFK,11,AA
DFW,JFK,12,DL
DFW,JFK,13,AA
DFW,JFK,14,AA
DFW,JFK,15,DL
DFW,JFK,16,UA
DFW,JFK,17,AA
DFW,JFK,18,DL
DFW,JFK,19,AA
DFW,JFK,20,DL
DFW,JFK,21,AA
DFW,JFK,22,DL
DFW,JFK,23,DL
DFW,LAX,0,AA
DFW,LAX,1,UA
DFW,LAX,2,AA
DFW,LAX,3,AA
DFW,LAX,10,UA
DFW,LAX,11,UA
DFW,LAX,12,NK
DFW,LAX,13,AA
DFW,LAX,14,AA
DFW,LAX,15,AA
DFW,LAX,16,AA
DFW,LAX,17,AA
DFW,LAX,18,AA
DFW,LAX,19,AA
DFW,LAX,20,AA
DFW,LAX,21,UA
DFW,LAX,22,UA
DFW,LAX,23,DL
DFW,LGA,0,DL
DFW,LGA,1,AA
DFW,LGA,2,AA
DFW,LGA,3,AA
DFW,LGA,10,NK
DFW,LGA,11,AA
DFW,LGA,12,NK
DFW,LGA,13,AA
DFW,LGA,14,AA
DFW,LGA,15,UA
DFW,LGA,16,B6
DFW,LGA,17,UA
DFW,LGA,18,AA
DFW,LGA,19,UA
DFW,LGA,20,AA
DFW,LGA,21,AA
DFW,LGA,22,AA
DFW,LGA,23,AA
DFW,MIA,0,AA
DFW,MIA,1,AA
DFW,MIA,2,AA
DFW,MIA,3,AA
DFW,MIA,10,AA
DFW,MIA,11,AA
DFW,MIA,12,DL
DFW,MIA,13,AA
DFW,MIA,14,AA
DFW,MIA,15,DL
DFW,MIA,16,AA
DFW,MIA,17,AA
DFW,MIA,18,DL
DFW,MIA,19,AA
DFW,MIA,20,AA
DFW,MIA,21,DL
DFW,MIA,22,AA
DFW,MIA,23,DL
DFW,OAK,0,AS
DFW,OAK,1,NK
DFW,OAK,2,F9
DFW,OAK,3,NK
DFW,OAK,10,UA
DFW,OAK,11,UA
DFW,OAK,12,NK
DFW,OAK,13,UA
DFW,OAK,14,UA
DFW,OAK,15,NK
DFW,OAK,16,UA
DFW,OAK,17,UA
DFW,OAK,18,UA
DFW,OAK,19,NK
DFW,OAK,20,NK
DFW,OAK,21,NK
DFW,OAK,22,AS
DFW,OAK,23,DL
DFW,ORD,0,DL
DFW,ORD,1,AA
DFW,ORD,2,AA
DFW,ORD,3,NK
DFW,ORD,10,AA
DFW,ORD,11,AA
DFW,ORD,12,DL
DFW,ORD,13,AA
DFW,ORD,14,AA
DFW,ORD,15,NK
DFW,ORD,16,AA
DFW,ORD,17,AA
DFW,ORD,18,DL
DFW,ORD,19,UA
DFW,ORD,20,AA
DFW,ORD,21,NK
DFW,ORD,22,UA
DFW,ORD,23,DL
DFW,PHL,0,F9
DFW,PHL,1,AA
DFW,PHL,2,AA
DFW,PHL,3,AA
DFW,PHL,10,AA
DFW,PHL,11,AA
DFW,PHL,12,DL
DFW,PHL,13,AA
DFW,PHL,14,AA
DFW,PHL,15,AA
DFW,PHL,16,B6
DFW,PHL,17,NK
DFW,PHL,18,AA
DFW,PHL,19,UA
DFW,PHL,20,AA
DFW,PHL,21,DL
DFW,PHL,22,AA
DFW,PHL,23,AA
DFW,SFO,0,UA
DFW,SFO,1,AA
DFW,SFO,2,AA
DFW,SFO,3,AA
DFW,SFO,10,UA
DFW,SFO,11,DL
DFW,SFO,12,UA
DFW,SFO,13,AA
DFW,SFO,14,AA
DFW,SFO,15,AA
DFW,SFO,16,AA
DFW,SFO,17,UA
DFW,SFO,18,AA
DFW,SFO,19,UA
DFW,SFO,20,AA
DFW,SFO,21,DL
DFW,SFO,22,AA
DFW,SFO,23,AA
DTW,ATL,0,DL
DTW,ATL,1,DL
DTW,ATL,2,DL
DTW,ATL,3,DL
DTW,ATL,9,DL
DTW,ATL,10,UA
DTW,ATL,11,DL
DTW,ATL,12,NK
DTW,ATL,13,DL
DTW,ATL,14,DL
DTW,ATL,15,B6
DTW,ATL,16,DL
DTW,ATL,17,NK
DTW,ATL,18,UA
DTW,ATL,19,DL
DTW,ATL,20,DL
DTW,ATL,21,AA
DTW,ATL,22,DL
DTW,ATL,23,UA
DTW,BOS,0,NK
DTW,BOS,1,DL
DTW,BOS,2,DL
DTW,BOS,3,DL
DTW,BOS,9,NK
DTW,BOS,10,UA
DTW,BOS,11,UA
DTW,BOS,12,NK
DTW,BOS,13,UA
DTW,BOS,14,DL
DTW,BOS,15,UA
DTW,BOS,16,AA
DTW,BOS,17,AA
DTW,BOS,18,UA
DTW,BOS,19,AA
DTW,BOS,20,AA
DTW,BOS,21,AA
DTW,BOS,22,AA
DTW,BOS,23,UA
DTW,CLT,0,F9
DTW,CLT,1,DL
DTW,CLT,2,DL
DTW,CLT,3,DL
DTW,CLT,9,NK
DTW,CLT,10,AA
DTW,CLT,11,DL
DTW,CLT,12,AA
DTW,CLT,13,DL
DTW,CLT,14,DL
DTW,CLT,15,AA
DTW,CLT,16,AA
DTW,CLT,17,B6
DTW,CLT,18,DL
DTW,CLT,19,DL
DTW,CLT,20,AA
DTW,CLT,21,AA
DTW,CLT,22,DL
DTW,CLT,23,UA
DTW,DEN,0,AA
DTW,DEN,1,DL
DTW,DEN,2,NK
DTW,DEN,9,AA
DTW,DEN,10,UA
DTW,DEN,11,AA
DTW,DEN,12,DL
DTW,DEN,13,UA
DTW,DEN,14,AA
DTW,DEN,15,B6
DTW,DEN,16,DL
DTW,DEN,17,AA
DTW,DEN,18,UA
DTW,DEN,19,AA
DTW,DEN,20,DL
DTW,DEN,21,AA
DTW,DEN,22,AA
DTW,DEN,23,UA
DTW,DFW,0,AA
DTW,DFW,1,DL
DTW,DFW,2,DL
DTW,DFW,3,DL
DTW,DFW,9,AA
DTW,DFW,10,UA
DTW,DFW,11,AA
DTW,DFW,12,DL
DTW,DFW,13,UA
DTW,DFW,14,DL
DTW,DFW,15,UA
DTW,DFW,16,DL
DTW,DFW,17,AA
DTW,DFW,18,UA
DTW,DFW,19,DL
DTW,DFW,20,UA
DTW,DFW,21,AA
DTW,DFW,22,DL
DTW,DFW,23,AA
DTW,EWR,0,NK
DTW,EWR,1,NK
DTW,EWR,2,DL
DTW,EWR,9,NK
DTW,EWR,10,UA
DTW,EWR,11,AA
DTW,EWR,12,NK
DTW,EWR,13,UA
DTW,EWR,14,DL
DTW,EWR,15,UA
DTW,EWR,16,NK
DTW,EWR,17,NK
DTW,EWR,18,UA
DTW,EWR,19,AA
DTW,EWR,20,AA
DTW,EWR,21,UA
DTW,EWR,22,UA
DTW,EWR,23,UA
DTW,IAD,0,DL
DTW,IAD,1,DL
DTW,IAD,3,DL
DTW,IAD,9,DL
DTW,IAD,10,AA
DTW,IAD,11,DL
DTW,IAD,12,AA
DTW,IAD,13,UA
DTW,IAD,14,UA
DTW,IAD,15,UA
DTW,IAD,16,DL
DTW,IAD,17,UA
DTW,IAD,18,UA
DTW,IAD,19,DL
DTW,IAD,20,DL
DTW,IAD,21,AA
DTW,IAD,22,DL
DTW,IAD,23,UA
DTW,JFK,0,DL
DTW,JFK,1,DL
DTW,JFK,2,DL
DTW,JFK,3,DL
DTW,JFK,9,AA
DTW,JFK,10,UA
DTW,JFK,11,DL
DTW,JFK,12,AA
DTW,JFK,13,UA
DTW,JFK,14,DL
DTW,JFK,15,AA
DTW,JFK,16,AA
DTW,JFK,17,DL
DTW,JFK,18,DL
DTW,JFK,19,DL
DTW,JFK,20,DL
DTW,JFK,21,AA
DTW,JFK,22,AA
DTW,JFK,23,UA
DTW,LAX,0,DL
DTW,LAX,1,DL
DTW,LAX,2,DL
DTW,LAX,3,DL
DTW,LAX,9,AA
DTW,LAX,10,UA
DTW,LAX,11,AA
DTW,LAX,12,DL
DTW,LAX,13,UA
DTW,LAX,14,NK
DTW,LAX,15,B6
DTW,LAX,16,DL
DTW,LAX,17,AA
DTW,LAX,18,UA
DTW,LAX,19,UA
DTW,LAX,20,UA
DTW,LAX,21,AA
DTW,LAX,22,DL
DTW,LAX,23,UA
DTW,LGA,0,DL
DTW,LGA,1,DL
DTW,LGA,2,DL
DTW,LGA,3,DL
DTW,LGA,9,NK
DTW,LGA,10,AA
DTW,LGA,11,DL
DTW,LGA,12,NK
DTW,LGA,13,UA
DTW,LGA,14,UA
DTW,LGA,15,UA
DTW,LGA,16,AA
DTW,LGA,17,B6
DTW,LGA,18,UA
DTW,LGA,19,AA
DTW,LGA,20,AA
DTW,LGA,21,AA
DTW,LGA,22,AA
DTW,LGA,23,UA
DTW,MIA,0,NK
DTW,MIA,1,DL
DTW,MIA,2,DL
DTW,MIA,3,DL
DTW,MIA,9,AA
DTW,MIA,10,AA
DTW,MIA,11,UA
DTW,MIA,12,DL
DTW,MIA,13,UA
DTW,MIA,14,AA
DTW,MIA,15,B6
DTW,MIA,16,AA
DTW,MIA,17,NK
DTW,MIA,18,UA
DTW,MIA,19,AA
DTW,MIA,20,AA
DTW,MIA,21,AA
DTW,MIA,22,DL
DTW,MIA,23,UA
DTW,OAK,0,DL
DTW,OAK,1,DL
DTW,OAK,2,NK
DTW,OAK,3,AS
DTW,OAK,9,NK
DTW,OAK,10,UA
DTW,OAK,11,AS
DTW,OAK,12,DL
DTW,OAK,13,UA
DTW,OAK,14,NK
DTW,OAK,15,UA
DTW,OAK,16,DL
DTW,OAK,17,AS
DTW,OAK,18,UA
DTW,OAK,19,UA
DTW,OAK,20,UA
DTW,OAK,21,DL
DTW,OAK,22,DL
DTW,OAK,23,DL
DTW,ORD,0,DL
DTW,ORD,1,DL
DTW,ORD,2,DL
DTW,ORD,9,AA
DTW,ORD,10,UA
DTW,ORD,11,AA
DTW,ORD,12,DL
DTW,ORD,13,UA
DTW,ORD,14,AA
DTW,ORD,15,AA
DTW,ORD,16,DL
DTW,ORD,17,UA
DTW,ORD,18,UA
DTW,ORD,19,AA
DTW,ORD,20,AA
DTW,ORD,21,UA
DTW,ORD,22,AA
DTW,ORD,23,UA
DTW,PHL,0,DL
DTW,PHL,1,DL
DTW,PHL,2,NK
DTW,PHL,3,UA
DTW,PHL,9,NK
DTW,PHL,10,UA
DTW,PHL,11,UA
DTW,PHL,12,NK
DTW,PHL,13,UA
DTW,PHL,14,DL
DTW,PHL,15,UA
DTW,PHL,16,B6
DTW,PHL,17,B6
DTW,PHL,18,UA
DTW,PHL,19,DL
DTW,PHL,20,DL
DTW,PHL,21,UA
DTW,PHL,22,AA
DTW,PHL,23,NK
DTW,SFO,0,DL
DTW,SFO,1,DL
DTW,SFO,2,DL
DTW,SFO,3,DL
DTW,SFO,9,AA
DTW,SFO,10,UA
DTW,SFO,11,AA
DTW,SFO,12,DL
DTW,SFO,13,UA
DTW,SFO,14,DL
DTW,SFO,15,UA
DTW,SFO,16,DL
DTW,SFO,17,AA
DTW,SFO,18,UA
DTW,SFO,19,UA
DTW,SFO,20,UA
DTW,SFO,21,DL
DTW,SFO,22,DL
DTW,SFO,23,UA
EWR,ATL,0,UA
EWR,ATL,1,UA
EWR,ATL,2,UA
EWR,ATL,9,AA
EWR,ATL,10,AA
EWR,ATL,11,DL
EWR,ATL,12,DL
EWR,ATL,13,NK
EWR,ATL,14,DL
EWR,ATL,15,NK
EWR,ATL,16,DL
EWR,ATL,17,AA
EWR,ATL,18,DL
EWR,ATL,19,NK
EWR,ATL,20,DL
EWR,ATL,21,AA
EWR,ATL,22,UA
EWR,ATL,23,DL
EWR,BOS,0,DL
EWR,BOS,1,UA
EWR,BOS,2,UA
EWR,BOS,9,AA
EWR,BOS,10,AA
EWR,BOS,11,UA
EWR,BOS,12,DL
EWR,BOS,13,AA
EWR,BOS,14,UA
EWR,BOS,15,UA
EWR,BOS,16,NK
EWR,BOS,17,UA
EWR,BOS,18,UA
EWR,BOS,19,UA
EWR,BOS,20,UA
EWR,BOS,21,UA
EWR,BOS,22,AA
EWR,BOS,23,UA
EWR,CLT,0,UA
EWR,CLT,1,UA
EWR,CLT,2,UA
EWR,CLT,9,NK
EWR,CLT,10,AA
EWR,CLT,11,DL
EWR,CLT,12,DL
EWR,CLT,13,B6
EWR,CLT,14,UA
EWR,CLT,15,AA
EWR,CLT,16,DL
EWR,CLT,17,AA
EWR,CLT,18,DL
EWR,CLT,19,NK
EWR,CLT,20,DL
EWR,CLT,21,AA
EWR,CLT,22,UA
EWR,CLT,23,AA
EWR,DEN,0,UA
EWR,DEN,1,UA
EWR,DEN,2,UA
EWR,DEN,3,UA
EWR,DEN,9,AA
EWR,DEN,10,AA
EWR,DEN,11,UA
EWR,DEN,12,AA
EWR,DEN,13,UA
EWR,DEN,14,AA
EWR,DEN,15,NK
EWR,DEN,16,UA
EWR,DEN,17,AA
EWR,DEN,18,UA
EWR,DEN,19,UA
EWR,DEN,20,UA
EWR,DEN,21,DL
EWR,DEN,22,DL
EWR,DEN,23,UA
EWR,DFW,0,UA
EWR,DFW,1,NK
EWR,DFW,2,UA
EWR,DFW,9,NK
EWR,DFW,10,DL
EWR,DFW,11,DL
EWR,DFW,12,DL
EWR,DFW,13,NK
EWR,DFW,14,DL
EWR,DFW,15,NK
EWR,DFW,16,DL
EWR,DFW,17,AA
EWR,DFW,18,UA
EWR,DFW,19,UA
EWR,DFW,20,DL
EWR,DFW,21,DL
EWR,DFW,22,DL
EWR,DFW,23,AA
EWR,DTW,0,DL
EWR,DTW,1,UA
EWR,DTW,2,UA
EWR,DTW,9,NK
EWR,DTW,10,DL
EWR,DTW,11,AA
EWR,DTW,12,UA
EWR,DTW,13,NK
EWR,DTW,14,AA
EWR,DTW,15,NK
EWR,DTW,16,NK
EWR,DTW,17,AA
EWR,DTW,18,UA
EWR,DTW,19,NK
EWR,DTW,20,NK
EWR,DTW,21,DL
EWR,DTW,22,UA
EWR,DTW,23,UA
EWR,IAD,0,UA
EWR,IAD,1,UA
EWR,IAD,2,UA
EWR,IAD,9,AA
EWR,IAD,10,AA
EWR,IAD,11,DL
EWR,IAD,12,UA
EWR,IAD,13,UA
EWR,IAD,14,UA
EWR,IAD,15,AA
EWR,IAD,16,DL
EWR,IAD,17,AA
EWR,IAD,18,UA
EWR,IAD,19,UA
EWR,IAD,20,UA
EWR,IAD,21,DL
EWR,IAD,22,DL
EWR,IAD,23,UA
EWR,LAX,0,UA
EWR,LAX,1,UA
EWR,LAX,2,UA
EWR,LAX,9,UA
EWR,LAX,10,AA
EWR,LAX,11,DL
EWR,LAX,12,AA
EWR,LAX,13,NK
EWR,LAX,14,AA
EWR,LAX,15,SY
EWR,LAX,16,UA
EWR,LAX,17,AA
EWR,LAX,18,UA
EWR,LAX,19,UA
EWR,LAX,20,AA
EWR,LAX,21,DL
EWR,LAX,22,UA
EWR,LAX,23,UA
EWR,LGA,0,DL
EWR,LGA,1,UA
EWR,LGA,10,AA
EWR,LGA,11,UA
EWR,LGA,12,DL
EWR,LGA,13,NK
EWR,LGA,14,UA
EWR,LGA,15,UA
EWR,LGA,16,UA
EWR,LGA,18,DL
EWR,LGA,20,UA
EWR,LGA,21,UA
EWR,LGA,22,AA
EWR,MIA,0,UA
EWR,MIA,1,NK
EWR,MIA,2,UA
EWR,MIA,9,AA
EWR,MIA,10,DL
EWR,MIA,11,UA
EWR,MIA,12,AA
EWR,MIA,13,NK
EWR,MIA,14,UA
EWR,MIA,15,UA
EWR,MIA,16,AA
EWR,MIA,17,AA
EWR,MIA,18,DL
EWR,MIA,19,NK
EWR,MIA,20,DL
EWR,MIA,21,DL
EWR,MIA,22,AA
EWR,MIA,23,UA
EWR,OAK,0,NK
EWR,OAK,1,AS
EWR,OAK,2,AS
EWR,OAK,9,DL
EWR,OAK,10,UA
EWR,OAK,11,AS
EWR,OAK,12,UA
EWR,OAK,13,AS
EWR,OAK,14,UA
EWR,OAK,15,UA
EWR,OAK,16,UA
EWR,OAK,17,DL
EWR,OAK,18,NK
EWR,OAK,19,DL
EWR,OAK,20,UA
EWR,OAK,21,DL
EWR,OAK,22,AS
EWR,OAK,23,AS
EWR,ORD,0,UA
EWR,ORD,1,UA
EWR,ORD,2,UA
EWR,ORD,9,UA
EWR,ORD,10,UA
EWR,ORD,11,UA
EWR,ORD,12,UA
EWR,ORD,13,NK
EWR,ORD,14,UA
EWR,ORD,15,NK
EWR,ORD,16,AA
EWR,ORD,17,UA
EWR,ORD,18,UA
EWR,ORD,19,UA
EWR,ORD,20,UA
EWR,ORD,21,DL
EWR,ORD,22,UA
EWR,ORD,23,AA
EWR,PHL,0,UA
EWR,PHL,1,UA
EWR,PHL,2,UA
EWR,PHL,9,AA
EWR,PHL,10,AA
EWR,PHL,11,AA
EWR,PHL,12,AA
EWR,PHL,13,B6
EWR,PHL,14,AA
EWR,PHL,15,UA
EWR,PHL,16,AA
EWR,PHL,17,AA
EWR,PHL,18,DL
EWR,PHL,19,UA
EWR,PHL,20,UA
EWR,PHL,21,AA
EWR,PHL,22,UA
EWR,PHL,23,AA
EWR,SFO,0,UA
EWR,SFO,1,UA
EWR,SFO,2,UA
EWR,SFO,9,UA
EWR,SFO,10,UA
EWR,SFO,11,DL
EWR,SFO,12,UA
EWR,SFO,13,DL
EWR,SFO,14,UA
EWR,SFO,15,SY
EWR,SFO,16,UA
EWR,SFO,17,AA
EWR,SFO,18,UA
EWR,SFO,19,UA
EWR,SFO,20,AA
EWR,SFO,21,UA
EWR,SFO,22,UA
EWR,SFO,23,AS
IAD,ATL,0,AA
IAD,ATL,2,UA
IAD,ATL,9,AA
IAD,ATL,10,AA
IAD,ATL,11,AA
IAD,ATL,12,UA
IAD,ATL,13,DL
IAD,ATL,14,AA
IAD,ATL,15,AA
IAD,ATL,16,UA
IAD,ATL,17,AA
IAD,ATL,19,AA
IAD,ATL,20,DL
IAD,ATL,21,UA
IAD,ATL,22,DL
IAD,ATL,23,DL
IAD,BOS,0,AA
IAD,BOS,2,UA
IAD,BOS,9,AA
IAD,BOS,10,AA
IAD,BOS,11,AA
IAD,BOS,12,UA
IAD,BOS,13,UA
IAD,BOS,14,AA
IAD,BOS,15,AA
IAD,BOS,16,UA
IAD,BOS,17,AA
IAD,BOS,19,UA
IAD,BOS,20,DL
IAD,BOS,21,UA
IAD,BOS,22,DL
IAD,BOS,23,UA
IAD,CLT,0,AA
IAD,CLT,2,UA
IAD,CLT,9,AA
IAD,CLT,10,DL
IAD,CLT,11,AA
IAD,CLT,12,UA
IAD,CLT,13,DL
IAD,CLT,14,AA
IAD,CLT,15,DL
IAD,CLT,16,UA
IAD,CLT,17,AA
IAD,CLT,20,DL
IAD,CLT,21,UA
IAD,CLT,22,DL
IAD,CLT,23,DL
IAD,DEN,0,AA
IAD,DEN,2,UA
IAD,DEN,9,AA
IAD,DEN,10,DL
IAD,DEN,11,AA
IAD,DEN,12,UA
IAD,DEN,13,UA
IAD,DEN,14,UA
IAD,DEN,15,UA
IAD,DEN,16,UA
IAD,DEN,17,UA
IAD,DEN,18,UA
IAD,DEN,19,AA
IAD,DEN,20,UA
IAD,DEN,21,UA
IAD,DEN,22,DL
IAD,DEN,23,DL
IAD,DFW,0,AA
IAD,DFW,2,UA
IAD,DFW,9,AA
IAD,DFW,10,DL
IAD,DFW,11,AA
IAD,DFW,12,UA
IAD,DFW,13,DL
IAD,DFW,14,DL
IAD,DFW,15,AA
IAD,DFW,16,DL
IAD,DFW,17,DL
IAD,DFW,18,UA
IAD,DFW,19,AA
IAD,DFW,20,DL
IAD,DFW,21,UA
IAD,DFW,22,DL
IAD,DFW,23,DL
IAD,DTW,0,AA
IAD,DTW,2,UA
IAD,DTW,9,AA
IAD,DTW,10,DL
IAD,DTW,11,UA
IAD,DTW,12,UA
IAD,DTW,13,DL
IAD,DTW,14,DL
IAD,DTW,15,AA
IAD,DTW,16,UA
IAD,DTW,17,DL
IAD,DTW,19,UA
IAD,DTW,20,DL
IAD,DTW,21,UA
IAD,DTW,22,DL
IAD,DTW,23,DL
IAD,EWR,0,AA
IAD,EWR,2,UA
IAD,EWR,9,AA
IAD,EWR,10,DL
IAD,EWR,11,AA
IAD,EWR,12,UA
IAD,EWR,13,DL
IAD,EWR,14,AA
IAD,EWR,15,AA
IAD,EWR,16,UA
IAD,EWR,17,AA
IAD,EWR,20,DL
IAD,EWR,21,UA
IAD,EWR,22,DL
IAD,EWR,23,DL
IAD,JFK,0,AA
IAD,JFK,2,UA
IAD,JFK,9,AA
IAD,JFK,10,AA
IAD,JFK,11,AA
IAD,JFK,12,UA
IAD,JFK,13,DL
IAD,JFK,14,AA
IAD,JFK,15,AA
IAD,JFK,16,UA
IAD,JFK,17,AA
IAD,JFK,20,DL
IAD,JFK,21,DL
IAD,JFK,22,DL
IAD,LAX,0,AA
IAD,LAX,2,UA
IAD,LAX,9,UA
IAD,LAX,10,DL
IAD,LAX,11,AA
IAD,LAX,12,UA
IAD,LAX,13,DL
IAD,LAX,14,AA
IAD,LAX,15,DL
IAD,LAX,16,UA
IAD,LAX,17,AA
IAD,LAX,18,UA
IAD,LAX,19,AA
IAD,LAX,20,DL
IAD,LAX,21,UA
IAD,LAX,22,DL
IAD,LAX,23,UA
IAD,LGA,0,AA
IAD,LGA,2,UA
IAD,LGA,3,UA
IAD,LGA,9,AA
IAD,LGA,10,DL
IAD,LGA,11,AA
IAD,LGA,12,UA
IAD,LGA,13,DL
IAD,LGA,14,AA
IAD,LGA,15,AA
IAD,LGA,16,UA
IAD,LGA,17,AA
IAD,LGA,19,UA
IAD,LGA,20,UA
IAD,LGA,21,UA
IAD,LGA,22,DL
IAD,LGA,23,DL
IAD,MIA,0,AA
IAD,MIA,2,UA
IAD,MIA,9,AA
IAD,MIA,10,DL
IAD,MIA,11,AA
IAD,MIA,12,UA
IAD,MIA,13,DL
IAD,MIA,14,AA
IAD,MIA,15,AA
IAD,MIA,16,DL
IAD,MIA,17,AA
IAD,MIA,19,AA
IAD,MIA,20,DL
IAD,MIA,21,UA
IAD,MIA,22,UA
IAD,MIA,23,DL
IAD,OAK,2,AS
IAD,OAK,9,UA
IAD,OAK,10,UA
IAD,OAK,11,AS
IAD,OAK,12,UA
IAD,OAK,13,DL
IAD,OAK,14,UA
IAD,OAK,15,DL
IAD,OAK,16,AS
IAD,OAK,17,UA
IAD,OAK,18,UA
IAD,OAK,19,UA
IAD,OAK,20,UA
IAD,OAK,21,DL
IAD,OAK,22,AS
IAD,OAK,23,AS
IAD,ORD,0,AA
IAD,ORD,2,UA
IAD,ORD,9,AA
IAD,ORD,10,DL
IAD,ORD,11,AA
IAD,ORD,12,UA
IAD,ORD,13,DL
IAD,ORD,14,AA
IAD,ORD,15,AA
IAD,ORD,16,UA
IAD,ORD,17,AA
IAD,ORD,19,UA
IAD,ORD,20,DL
IAD,ORD,21,UA
IAD,ORD,22,DL
IAD,ORD,23,DL
IAD,PHL,0,AA
IAD,PHL,2,9X
IAD,PHL,9,AA
IAD,PHL,10,DL
IAD,PHL,11,UA
IAD,PHL,12,UA
IAD,PHL,13,DL
IAD,PHL,14,AA
IAD,PHL,15,AA
IAD,PHL,16,UA
IAD,PHL,17,AA
IAD,PHL,19,AA
IAD,PHL,20,DL
IAD,PHL,21,UA
IAD,PHL,22,DL
IAD,PHL,23,DL
IAD,SFO,0,UA
IAD,SFO,2,UA
IAD,SFO,9,AA
IAD,SFO,10,DL
IAD,SFO,11,AA
IAD,SFO,12,UA
IAD,SFO,13,DL
IAD,SFO,14,DL
IAD,SFO,15,DL
IAD,SFO,16,UA
IAD,SFO,17,AA
IAD,SFO,18,UA
IAD,SFO,19,AA
IAD,SFO,20,DL
IAD,SFO,21,UA
IAD,SFO,22,DL
IAD,SFO,23,UA
JFK,ATL,0,DL
JFK,ATL,1,DL
JFK,ATL,2,DL
JFK,ATL,9,AA
JFK,ATL,10,AA
JFK,ATL,11,AA
JFK,ATL,12,DL
JFK,ATL,13,DL
JFK,ATL,14,AA
JFK,ATL,15,DL
JFK,ATL,16,AA
JFK,ATL,17,UA
JFK,ATL,18,AA
JFK,ATL,19,DL
JFK,ATL,20,B6
JFK,ATL,21,AA
JFK,ATL,22,DL
JFK,ATL,23,DL
JFK,BOS,0,AA
JFK,BOS,1,AA
JFK,BOS,2,DL
JFK,BOS,3,AA
JFK,BOS,10,AA
JFK,BOS,11,DL
JFK,BOS,12,AA
JFK,BOS,13,DL
JFK,BOS,14,B6
JFK,BOS,15,B6
JFK,BOS,16,AA
JFK,BOS,17,DL
JFK,BOS,18,DL
JFK,BOS,19,AA
JFK,BOS,20,DL
JFK,BOS,21,DL
JFK,BOS,22,AA
JFK,BOS,23,AA
JFK,CLT,0,DL
JFK,CLT,1,AA
JFK,CLT,2,UA
JFK,CLT,10,B6
JFK,CLT,11,AA
JFK,CLT,12,AA
JFK,CLT,13,DL
JFK,CLT,14,B6
JFK,CLT,15,AA
JFK,CLT,16,AA
JFK,CLT,17,AA
JFK,CLT,18,DL
JFK,CLT,19,AA
JFK,CLT,20,DL
JFK,CLT,21,DL
JFK,CLT,22,B6
JFK,CLT,23,DL
JFK,DEN,0,DL
JFK,DEN,1,DL
JFK,DEN,2,DL
JFK,DEN,10,AA
JFK,DEN,11,DL
JFK,DEN,12,DL
JFK,DEN,13,DL
JFK,DEN,14,DL
JFK,DEN,15,DL
JFK,DEN,16,DL
JFK,DEN,17,DL
JFK,DEN,18,DL
JFK,DEN,19,AA
JFK,DEN,20,AA
JFK,DEN,21,DL
JFK,DEN,22,AA
JFK,DEN,23,DL
JFK,DFW,0,AA
JFK,DFW,1,UA
JFK,DFW,2,UA
JFK,DFW,3,B6
JFK,DFW,10,UA
JFK,DFW,11,AA
JFK,DFW,12,AA
JFK,DFW,13,UA
JFK,DFW,14,AA
JFK,DFW,15,UA
JFK,DFW,16,AA
JFK,DFW,17,AA
JFK,DFW,18,AA
JFK,DFW,19,AA
JFK,DFW,20,AA
JFK,DFW,21,AA
JFK,DFW,22,AA
JFK,DFW,23,DL
JFK,DTW,0,AA
JFK,DTW,1,DL
JFK,DTW,2,DL
JFK,DTW,10,DL
JFK,DTW,11,UA
JFK,DTW,12,AA
JFK,DTW,13,DL
JFK,DTW,14,B6
JFK,DTW,15,DL
JFK,DTW,16,AA
JFK,DTW,17,DL
JFK,DTW,18,AA
JFK,DTW,19,AA
JFK,DTW,20,DL
JFK,DTW,21,DL
JFK,DTW,22,AA
JFK,DTW,23,DL
JFK,IAD,0,AA
JFK,IAD,1,DL
JFK,IAD,2,DL
JFK,IAD,10,AA
JFK,IAD,11,DL
JFK,IAD,12,AA
JFK,IAD,13,DL
JFK,IAD,14,AA
JFK,IAD,15,AA
JFK,IAD,16,AA
JFK,IAD,17,DL
JFK,IAD,18,DL
JFK,IAD,19,AA
JFK,IAD,20,AA
JFK,IAD,21,AA
JFK,IAD,22,AA
JFK,IAD,23,AA
JFK,LAX,0,B6
JFK,LAX,1,AA
JFK,LAX,2,B6
JFK,LAX,3,B6
JFK,LAX,9,B6
JFK,LAX,10,AA
JFK,LAX,11,AS
JFK,LAX,12,AA
JFK,LAX,13,AS
JFK,LAX,14,AA
JFK,LAX,15,AA
JFK,LAX,16,DL
JFK,LAX,17,AS
JFK,LAX,18,DL
JFK,LAX,19,AA
JFK,LAX,20,AA
JFK,LAX,21,B6
JFK,LAX,22,B6
JFK,LAX,23,B6
JFK,MIA,0,B6
JFK,MIA,1,AA
JFK,MIA,2,UA
JFK,MIA,3,B6
JFK,MIA,10,B6
JFK,MIA,11,B6
JFK,MIA,12,AA
JFK,MIA,13,B6
JFK,MIA,14,B6
JFK,MIA,15,DL
JFK,MIA,16,AA
JFK,MIA,17,B6
JFK,MIA,18,AA
JFK,MIA,19,AA
JFK,MIA,20,DL
JFK,MIA,21,B6
JFK,MIA,22,AA
JFK,MIA,23,DL
JFK,OAK,0,DL
JFK,OAK,1,DL
JFK,OAK,2,DL
JFK,OAK,10,DL
JFK,OAK,11,AS
JFK,OAK,12,DL
JFK,OAK,13,AS
JFK,OAK,14,UA
JFK,OAK,15,AS
JFK,OAK,16,DL
JFK,OAK,17,DL
JFK,OAK,18,DL
JFK,OAK,19,DL
JFK,OAK,20,AS
JFK,OAK,21,DL
JFK,OAK,22,DL
JFK,OAK,23,DL
JFK,ORD,0,DL
JFK,ORD,1,DL
JFK,ORD,2,DL
JFK,ORD,3,B6
JFK,ORD,10,DL
JFK,ORD,11,DL
JFK,ORD,12,DL
JFK,ORD,13,DL
JFK,ORD,14,DL
JFK,ORD,15,DL
JFK,ORD,16,DL
JFK,ORD,17,DL
JFK,ORD,18,DL
JFK,ORD,19,AA
JFK,ORD,20,DL
JFK,ORD,21,DL
JFK,ORD,22,DL
JFK,ORD,23,DL
JFK,PHL,0,AA
JFK,PHL,1,AA
JFK,PHL,2,B6
JFK,PHL,3,B6
JFK,PHL,10,DL
JFK,PHL,11,B6
JFK,PHL,12,AA
JFK,PHL,13,B6
JFK,PHL,14,B6
JFK,PHL,15,AA
JFK,PHL,16,AA
JFK,PHL,17,AA
JFK,PHL,18,AA
JFK,PHL,19,B6
JFK,PHL,20,DL
JFK,PHL,21,DL
JFK,PHL,22,AA
JFK,PHL,23,AA
JFK,SFO,0,B6
JFK,SFO,1,DL
JFK,SFO,2,B6
JFK,SFO,3,B6
JFK,SFO,9,B6
JFK,SFO,10,AA
JFK,SFO,11,AS
JFK,SFO,12,AA
JFK,SFO,13,AS
JFK,SFO,14,B6
JFK,SFO,15,DL
JFK,SFO,16,AA
JFK,SFO,17,AS
JFK,SFO,18,AA
JFK,SFO,19,DL
JFK,SFO,20,AS
JFK,SFO,21,AA
JFK,SFO,22,B6
JFK,SFO,23,DL
LAX,ATL,0,DL
LAX,ATL,1,DL
LAX,ATL,2,F9
LAX,ATL,3,NK
LAX,ATL,4,NK
LAX,ATL,5,DL
LAX,ATL,6,UA
LAX,ATL,7,UA
LAX,ATL,8,AA
LAX,ATL,12,UA
LAX,ATL,13,AA
LAX,ATL,14,DL
LAX,ATL,15,UA
LAX,ATL,16,AA
LAX,ATL,17,AA
LAX,ATL,18,UA
LAX,ATL,19,AA
LAX,ATL,20,DL
LAX,ATL,21,AA
LAX,ATL,22,DL
LAX,ATL,23,NK
LAX,BOS,0,DL
LAX,BOS,1,AA
LAX,BOS,2,UA
LAX,BOS,3,B6
LAX,BOS,4,AA
LAX,BOS,5,AA
LAX,BOS,6,AA
LAX,BOS,7,AA
LAX,BOS,8,AA
LAX,BOS,12,UA
LAX,BOS,13,AA
LAX,BOS,14,DL
LAX,BOS,15,AA
LAX,BOS,16,AA
LAX,BOS,17,AA
LAX,BOS,18,AA
LAX,BOS,19,AA
LAX,BOS,20,AA
LAX,BOS,21,UA
LAX,BOS,22,AA
LAX,BOS,23,AA
LAX,CLT,0,DL
LAX,CLT,1,AA
LAX,CLT,2,AA
LAX,CLT,3,B6
LAX,CLT,4,AA
LAX,CLT,5,AS
LAX,CLT,6,UA
LAX,CLT,7,DL
LAX,CLT,8,AA
LAX,CLT,12,UA
LAX,CLT,13,AA
LAX,CLT,14,DL
LAX,CLT,15,DL
LAX,CLT,16,AA
LAX,CLT,17,UA
LAX,CLT,18,AA
LAX,CLT,19,AA
LAX,CLT,20,DL
LAX,CLT,21,AA
LAX,CLT,22,NK
LAX,CLT,23,NK
LAX,DEN,0,DL
LAX,DEN,1,UA
LAX,DEN,2,AS
LAX,DEN,3,UA
LAX,DEN,4,F9
LAX,DEN,5,UA
LAX,DEN,6,UA
LAX,DEN,7,DL
LAX,DEN,12,UA
LAX,DEN,13,AA
LAX,DEN,14,DL
LAX,DEN,15,AS
LAX,DEN,16,AS
LAX,DEN,17,AS
LAX,DEN,18,UA
LAX,DEN,19,AA
LAX,DEN,20,DL
LAX,DEN,21,DL
LAX,DEN,22,DL
LAX,DEN,23,AA
LAX,DFW,0,DL
LAX,DFW,1,AA
LAX,DFW,2,NK
LAX,DFW,3,NK
LAX,DFW,4,NK
LAX,DFW,5,UA
LAX,DFW,6,UA
LAX,DFW,7,UA
LAX,DFW,12,UA
LAX,DFW,13,AA
LAX,DFW,14,AA
LAX,DFW,15,AA
LAX,DFW,16,AA
LAX,DFW,17,AA
LAX,DFW,18,AA
LAX,DFW,19,AA
LAX,DFW,20,UA
LAX,DFW,21,AA
LAX,DFW,22,AA
LAX,DFW,23,AA
LAX,DTW,0,DL
LAX,DTW,1,DL
LAX,DTW,2,DL
LAX,DTW,3,B6
LAX,DTW,4,NK
LAX,DTW,5,DL
LAX,DTW,6,UA
LAX,DTW,7,UA
LAX,DTW,12,UA
LAX,DTW,13,AA
LAX,DTW,14,DL
LAX,DTW,15,AA
LAX,DTW,16,AA
LAX,DTW,17,UA
LAX,DTW,18,NK
LAX,DTW,19,UA
LAX,DTW,20,DL
LAX,DTW,21,AA
LAX,DTW,22,NK
LAX,DTW,23,NK
LAX,EWR,0,AS
LAX,EWR,1,AA
LAX,EWR,2,UA
LAX,EWR,3,NK
LAX,EWR,4,NK
LAX,EWR,5,DL
LAX,EWR,6,UA
LAX,EWR,7,DL
LAX,EWR,8,AA
LAX,EWR,12,DL
LAX,EWR,13,AA
LAX,EWR,14,UA
LAX,EWR,15,AA
LAX,EWR,16,AA
LAX,EWR,17,AA
LAX,EWR,18,AA
LAX,EWR,19,AA
LAX,EWR,20,DL
LAX,EWR,21,DL
LAX,EWR,22,NK
LAX,EWR,23,UA
LAX,IAD,0,DL
LAX,IAD,1,UA
LAX,IAD,2,UA
LAX,IAD,3,UA
LAX,IAD,4,UA
LAX,IAD,5,DL
LAX,IAD,6,UA
LAX,IAD,7,UA
LAX,IAD,12,UA
LAX,IAD,13,AS
LAX,IAD,14,DL
LAX,IAD,15,UA
LAX,IAD,16,AA
LAX,IAD,17,UA
LAX,IAD,18,DL
LAX,IAD,19,UA
LAX,IAD,20,DL
LAX,IAD,21,DL
LAX,IAD,22,DL
LAX,IAD,23,UA
LAX,JFK,0,AS
LAX,JFK,1,AS
LAX,JFK,2,AS
LAX,JFK,3,B6
LAX,JFK,4,AA
LAX,JFK,5,AA
LAX,JFK,6,AA
LAX,JFK,7,B6
LAX,JFK,8,AA
LAX,JFK,12,DL
LAX,JFK,13,AA
LAX,JFK,14,AA
LAX,JFK,15,AA
LAX,JFK,16,AA
LAX,JFK,17,AA
LAX,JFK,18,AA
LAX,JFK,19,AA
LAX,JFK,20,DL
LAX,JFK,21,DL
LAX,JFK,22,B6
LAX,JFK,23,AA
LAX,LGA,0,DL
LAX,LGA,1,DL
LAX,LGA,2,DL
LAX,LGA,3,NK
LAX,LGA,4,NK
LAX,LGA,5,DL
LAX,LGA,6,UA
LAX,LGA,7,DL
LAX,LGA,8,AA
LAX,LGA,12,UA
LAX,LGA,13,AA
LAX,LGA,14,B6
LAX,LGA,15,AA
LAX,LGA,16,AA
LAX,LGA,17,AA
LAX,LGA,18,UA
LAX,LGA,19,AA
LAX,LGA,20,DL
LAX,LGA,21,NK
LAX,LGA,22,NK
LAX,LGA,23,NK
LAX,MIA,0,DL
LAX,MIA,1,AA
LAX,MIA,2,AA
LAX,MIA,3,F9
LAX,MIA,4,AA
LAX,MIA,5,DL
LAX,MIA,6,UA
LAX,MIA,7,DL
LAX,MIA,8,AA
LAX,MIA,12,UA
LAX,MIA,13,AA
LAX,MIA,14,DL
LAX,MIA,15,AA
LAX,MIA,16,NK
LAX,MIA,17,AA
LAX,MIA,18,DL
LAX,MIA,19,AA
LAX,MIA,20,DL
LAX,MIA,21,AA
LAX,MIA,22,DL
LAX,MIA,23,AA
LAX,OAK,0,AS
LAX,OAK,1,DL
LAX,OAK,2,NK
LAX,OAK,3,AS
LAX,OAK,4,F9
LAX,OAK,5,F9
LAX,OAK,12,DL
LAX,OAK,13,AS
LAX,OAK,14,AS
LAX,OAK,15,AS
LAX,OAK,16,DL
LAX,OAK,17,AS
LAX,OAK,18,NK
LAX,OAK,19,NK
LAX,OAK,20,DL
LAX,OAK,21,AS
LAX,OAK,22,AS
LAX,OAK,23,AS
LAX,ORD,0,AA
LAX,ORD,1,UA
LAX,ORD,2,AS
LAX,ORD,3,AS
LAX,ORD,4,NK
LAX,ORD,5,DL
LAX,ORD,6,UA
LAX,ORD,7,DL
LAX,ORD,12,DL
LAX,ORD,13,AA
LAX,ORD,14,DL
LAX,ORD,15,AA
LAX,ORD,16,AA
LAX,ORD,17,AA
LAX,ORD,18,NK
LAX,ORD,19,NK
LAX,ORD,20,DL
LAX,ORD,21,UA
LAX,ORD,22,NK
LAX,ORD,23,AA
LAX,PHL,0,DL
LAX,PHL,1,DL
LAX,PHL,2,AA
LAX,PHL,3,UA
LAX,PHL,4,AA
LAX,PHL,5,AA
LAX,PHL,6,UA
LAX,PHL,7,UA
LAX,PHL,8,AA
LAX,PHL,12,UA
LAX,PHL,13,AA
LAX,PHL,14,UA
LAX,PHL,15,DL
LAX,PHL,16,AA
LAX,PHL,17,AA
LAX,PHL,18,AA
LAX,PHL,19,UA
LAX,PHL,20,DL
LAX,PHL,21,AA
LAX,PHL,22,NK
LAX,PHL,23,DL
LAX,SFO,0,DL
LAX,SFO,1,UA
LAX,SFO,2,AS
LAX,SFO,3,UA
LAX,SFO,4,DL
LAX,SFO,5,UA
LAX,SFO,6,SY
LAX,SFO,12,F9
LAX,SFO,13,UA
LAX,SFO,14,AA
LAX,SFO,15,UA
LAX,SFO,16,AA
LAX,SFO,17,UA
LAX,SFO,18,AS
LAX,SFO,19,DL
LAX,SFO,20,UA
LAX,SFO,21,UA
LAX,SFO,22,DL
LAX,SFO,23,UA
LGA,ATL,0,DL
LGA,ATL,1,DL
LGA,ATL,2,F9
LGA,ATL,9,NK
LGA,ATL,10,DL
LGA,ATL,11,AA
LGA,ATL,12,DL
LGA,ATL,13,NK
LGA,ATL,14,UA
LGA,ATL,15,AA
LGA,ATL,16,NK
LGA,ATL,17,AA
LGA,ATL,18,AA
LGA,ATL,19,AA
LGA,ATL,20,NK
LGA,ATL,21,AA
LGA,ATL,22,DL
LGA,ATL,23,UA
LGA,BOS,0,DL
LGA,BOS,1,DL
LGA,BOS,2,AA
LGA,BOS,10,UA
LGA,BOS,11,DL
LGA,BOS,12,AA
LGA,BOS,13,AA
LGA,BOS,14,AA
LGA,BOS,15,AA
LGA,BOS,16,AA
LGA,BOS,17,UA
LGA,BOS,18,AA
LGA,BOS,19,DL
LGA,BOS,20,AA
LGA,BOS,21,AA
LGA,BOS,22,AA
LGA,BOS,23,AA
LGA,CLT,0,DL
LGA,CLT,1,AA
LGA,CLT,2,AA
LGA,CLT,9,NK
LGA,CLT,10,AA
LGA,CLT,11,AA
LGA,CLT,12,AA
LGA,CLT,13,AA
LGA,CLT,14,AA
LGA,CLT,15,AA
LGA,CLT,16,AA
LGA,CLT,17,AA
LGA,CLT,18,AA
LGA,CLT,19,AA
LGA,CLT,20,AA
LGA,CLT,21,AA
LGA,CLT,22,B6
LGA,CLT,23,UA
LGA,DEN,0,UA
LGA,DEN,1,UA
LGA,DEN,2,F9
LGA,DEN,9,AA
LGA,DEN,10,AA
LGA,DEN,11,AA
LGA,DEN,12,DL
LGA,DEN,13,UA
LGA,DEN,14,AA
LGA,DEN,15,AA
LGA,DEN,16,UA
LGA,DEN,17,AA
LGA,DEN,18,UA
LGA,DEN,19,AA
LGA,DEN,20,AA
LGA,DEN,21,AA
LGA,DEN,22,UA
LGA,DEN,23,UA
LGA,DFW,0,AA
LGA,DFW,1,AA
LGA,DFW,2,AA
LGA,DFW,9,AA
LGA,DFW,10,UA
LGA,DFW,11,AA
LGA,DFW,12,AA
LGA,DFW,13,AA
LGA,DFW,14,AA
LGA,DFW,15,NK
LGA,DFW,16,AA
LGA,DFW,17,AA
LGA,DFW,18,AA
LGA,DFW,19,DL
LGA,DFW,20,AA
LGA,DFW,21,AA
LGA,DFW,22,AA
LGA,DFW,23,DL
LGA,DTW,0,DL
LGA,DTW,1,DL
LGA,DTW,2,F9
LGA,DTW,10,UA
LGA,DTW,11,AA
LGA,DTW,12,UA
LGA,DTW,13,DL
LGA,DTW,14,UA
LGA,DTW,15,AA
LGA,DTW,16,NK
LGA,DTW,17,UA
LGA,DTW,18,UA
LGA,DTW,19,AA
LGA,DTW,20,B6
LGA,DTW,21,DL
LGA,DTW,22,AA
LGA,DTW,23,UA
LGA,IAD,0,DL
LGA,IAD,1,DL
LGA,IAD,10,DL
LGA,IAD,11,AA
LGA,IAD,12,DL
LGA,IAD,13,DL
LGA,IAD,14,DL
LGA,IAD,15,AA
LGA,IAD,16,DL
LGA,IAD,17,AA
LGA,IAD,18,AA
LGA,IAD,19,DL
LGA,IAD,20,DL
LGA,IAD,21,DL
LGA,IAD,22,AA
LGA,IAD,23,UA
LGA,LAX,0,AA
LGA,LAX,1,NK
LGA,LAX,2,AA
LGA,LAX,9,AA
LGA,LAX,10,DL
LGA,LAX,11,UA
LGA,LAX,12,AA
LGA,LAX,13,UA
LGA,LAX,14,AA
LGA,LAX,15,NK
LGA,LAX,16,UA
LGA,LAX,17,AA
LGA,LAX,18,UA
LGA,LAX,19,UA
LGA,LAX,20,AA
LGA,LAX,21,AA
LGA,LAX,22,DL
LGA,LAX,23,UA
LGA,MIA,0,AA
LGA,MIA,1,NK
LGA,MIA,2,AA
LGA,MIA,9,AA
LGA,MIA,10,AA
LGA,MIA,11,AA
LGA,MIA,12,NK
LGA,MIA,13,AA
LGA,MIA,14,UA
LGA,MIA,15,AA
LGA,MIA,16,AA
LGA,MIA,17,AA
LGA,MIA,18,AA
LGA,MIA,19,AA
LGA,MIA,20,AA
LGA,MIA,21,AA
LGA,MIA,22,AA
LGA,MIA,23,DL
LGA,OAK,0,DL
LGA,OAK,1,AS
LGA,OAK,10,UA
LGA,OAK,11,UA
LGA,OAK,12,AS
LGA,OAK,13,UA
LGA,OAK,14,UA
LGA,OAK,15,AS
LGA,OAK,16,UA
LGA,OAK,17,UA
LGA,OAK,18,UA
LGA,OAK,19,DL
LGA,OAK,20,DL
LGA,OAK,21,DL
LGA,OAK,22,AS
LGA,OAK,23,DL
LGA,ORD,0,AA
LGA,ORD,1,UA
LGA,ORD,2,AA
LGA,ORD,9,NK
LGA,ORD,10,AA
LGA,ORD,11,AA
LGA,ORD,12,UA
LGA,ORD,13,AA
LGA,ORD,14,AA
LGA,ORD,15,AA
LGA,ORD,16,AA
LGA,ORD,17,AA
LGA,ORD,18,AA
LGA,ORD,19,AA
LGA,ORD,20,AA
LGA,ORD,21,UA
LGA,ORD,22,AA
LGA,ORD,23,UA
LGA,PHL,0,AA
LGA,PHL,1,AA
LGA,PHL,2,AA
LGA,PHL,9,AA
LGA,PHL,10,AA
LGA,PHL,11,AA
LGA,PHL,12,UA
LGA,PHL,13,B6
LGA,PHL,14,AA
LGA,PHL,15,AA
LGA,PHL,16,AA
LGA,PHL,17,AA
LGA,PHL,18,AA
LGA,PHL,19,UA
LGA,PHL,20,AA
LGA,PHL,21,AA
LGA,PHL,22,AA
LGA,PHL,23,DL
LGA,SFO,0,UA
LGA,SFO,1,UA
LGA,SFO,9,AA
LGA,SFO,10,DL
LGA,SFO,11,UA
LGA,SFO,12,DL
LGA,SFO,13,UA
LGA,SFO,14,UA
LGA,SFO,15,DL
LGA,SFO,16,DL
LGA,SFO,17,DL
LGA,SFO,18,AA
LGA,SFO,19,DL
LGA,SFO,20,UA
LGA,SFO,21,UA
LGA,SFO,22,DL
LGA,SFO,23,UA
MIA,ATL,0,AA
MIA,ATL,1,AA
MIA,ATL,2,NK
MIA,ATL,9,AA
MIA,ATL,10,UA
MIA,ATL,11,DL
MIA,ATL,12,UA
MIA,ATL,13,UA
MIA,ATL,14,UA
MIA,ATL,15,UA
MIA,ATL,16,DL
MIA,ATL,17,UA
MIA,ATL,18,DL
MIA,ATL,19,UA
MIA,ATL,20,DL
MIA,ATL,21,F9
MIA,ATL,22,DL
MIA,ATL,23,DL
MIA,BOS,0,UA
MIA,BOS,1,AA
MIA,BOS,2,F9
MIA,BOS,9,AA
MIA,BOS,10,UA
MIA,BOS,11,DL
MIA,BOS,12,B6
MIA,BOS,13,UA
MIA,BOS,14,AA
MIA,BOS,15,DL
MIA,BOS,16,B6
MIA,BOS,17,AA
MIA,BOS,18,AA
MIA,BOS,19,AA
MIA,BOS,20,UA
MIA,BOS,21,AA
MIA,BOS,22,B6
MIA,BOS,23,AA
MIA,CLT,0,UA
MIA,CLT,1,AA
MIA,CLT,2,AA
MIA,CLT,3,AA
MIA,CLT,10,AA
MIA,CLT,11,DL
MIA,CLT,12,AA
MIA,CLT,13,AA
MIA,CLT,14,AA
MIA,CLT,15,AA
MIA,CLT,16,DL
MIA,CLT,17,AA
MIA,CLT,18,AA
MIA,CLT,19,AA
MIA,CLT,20,DL
MIA,CLT,21,UA
MIA,CLT,22,DL
MIA,CLT,23,AA
MIA,DEN,0,UA
MIA,DEN,1,AA
MIA,DEN,2,F9
MIA,DEN,3,F9
MIA,DEN,9,AA
MIA,DEN,10,UA
MIA,DEN,11,DL
MIA,DEN,12,UA
MIA,DEN,13,NK
MIA,DEN,14,DL
MIA,DEN,15,DL
MIA,DEN,16,AA
MIA,DEN,17,AA
MIA,DEN,18,DL
MIA,DEN,19,UA
MIA,DEN,20,DL
MIA,DEN,21,AA
MIA,DEN,22,DL
MIA,DEN,23,UA
MIA,DFW,0,AA
MIA,DFW,1,AA
MIA,DFW,2,AA
MIA,DFW,3,AA
MIA,DFW,9,AA
MIA,DFW,10,DL
MIA,DFW,11,DL
MIA,DFW,12,AA
MIA,DFW,13,AA
MIA,DFW,14,AA
MIA,DFW,15,AA
MIA,DFW,16,DL
MIA,DFW,17,AA
MIA,DFW,18,DL
MIA,DFW,19,AA
MIA,DFW,20,DL
MIA,DFW,21,UA
MIA,DFW,22,DL
MIA,DFW,23,AA
MIA,DTW,0,AA
MIA,DTW,1,AA
MIA,DTW,2,NK
MIA,DTW,9,NK
MIA,DTW,10,UA
MIA,DTW,11,AA
MIA,DTW,12,UA
MIA,DTW,13,AA
MIA,DTW,14,AA
MIA,DTW,15,AA
MIA,DTW,16,UA
MIA,DTW,17,UA
MIA,DTW,18,AA
MIA,DTW,19,AA
MIA,DTW,20,UA
MIA,DTW,21,NK
MIA,DTW,22,DL
MIA,DTW,23,AA
MIA,EWR,0,UA
MIA,EWR,1,AA
MIA,EWR,2,NK
MIA,EWR,9,AA
MIA,EWR,10,DL
MIA,EWR,11,DL
MIA,EWR,12,AA
MIA,EWR,13,UA
MIA,EWR,14,DL
MIA,EWR,15,UA
MIA,EWR,16,DL
MIA,EWR,17,AA
MIA,EWR,18,AA
MIA,EWR,19,AA
MIA,EWR,20,UA
MIA,EWR,21,UA
MIA,EWR,22,DL
MIA,EWR,23,AA
MIA,IAD,0,UA
MIA,IAD,1,AA
MIA,IAD,2,AA
MIA,IAD,9,AA
MIA,IAD,10,AA
MIA,IAD,11,DL
MIA,IAD,12,AA
MIA,IAD,13,UA
MIA,IAD,14,DL
MIA,IAD,15,DL
MIA,IAD,16,DL
MIA,IAD,17,UA
MIA,IAD,18,AA
MIA,IAD,19,DL
MIA,IAD,20,DL
MIA,IAD,21,UA
MIA,IAD,22,DL
MIA,IAD,23,DL
MIA,JFK,0,AA
MIA,JFK,1,AA
MIA,JFK,2,AA
MIA,JFK,10,B6
MIA,JFK,11,DL
MIA,JFK,12,B6
MIA,JFK,13,AA
MIA,JFK,14,B6
MIA,JFK,15,DL
MIA,JFK,16,AA
MIA,JFK,17,AA
MIA,JFK,18,AA
MIA,JFK,19,B6
MIA,JFK,20,AA
MIA,JFK,21,AA
MIA,JFK,22,B6
MIA,JFK,23,DL
MIA,LAX,0,NK
MIA,LAX,1,AA
MIA,LAX,2,NK
MIA,LAX,9,AA
MIA,LAX,10,DL
MIA,LAX,11,DL
MIA,LAX,12,UA
MIA,LAX,13,AA
MIA,LAX,14,AA
MIA,LAX,15,AA
MIA,LAX,16,DL
MIA,LAX,17,UA
MIA,LAX,18,DL
MIA,LAX,19,UA
MIA,LAX,20,DL
MIA,LAX,21,AA
MIA,LAX,22,DL
MIA,LAX,23,AA
MIA,LGA,0,AA
MIA,LGA,1,NK
MIA,LGA,2,AA
MIA,LGA,9,NK
MIA,LGA,10,AA
MIA,LGA,11,AA
MIA,LGA,12,AA
MIA,LGA,13,AA
MIA,LGA,14,AA
MIA,LGA,15,AA
MIA,LGA,16,B6
MIA,LGA,17,UA
MIA,LGA,18,AA
MIA,LGA,19,AA
MIA,LGA,20,AA
MIA,LGA,21,AA
MIA,LGA,22,AA
MIA,LGA,23,AA
MIA,OAK,0,NK
MIA,OAK,1,F9
MIA,OAK,2,F9
MIA,OAK,3,F9
MIA,OAK,9,AS
MIA,OAK,10,DL
MIA,OAK,11,AS
MIA,OAK,12,UA
MIA,OAK,13,NK
MIA,OAK,14,AS
MIA,OAK,15,AS
MIA,OAK,16,AS
MIA,OAK,17,UA
MIA,OAK,18,DL
MIA,OAK,19,UA
MIA,OAK,20,DL
MIA,OAK,21,AS
MIA,OAK,22,UA
MIA,OAK,23,DL
MIA,ORD,0,UA
MIA,ORD,1,AA
MIA,ORD,2,AA
MIA,ORD,9,NK
MIA,ORD,10,AA
MIA,ORD,11,DL
MIA,ORD,12,AA
MIA,ORD,13,AA
MIA,ORD,14,AA
MIA,ORD,15,AA
MIA,ORD,16,AA
MIA,ORD,17,AA
MIA,ORD,18,AA
MIA,ORD,19,AA
MIA,ORD,20,UA
MIA,ORD,21,AA
MIA,ORD,22,AA
MIA,ORD,23,DL
MIA,PHL,0,AA
MIA,PHL,1,AA
MIA,PHL,2,AA
MIA,PHL,9,AA
MIA,PHL,10,AA
MIA,PHL,11,AA
MIA,PHL,12,AA
MIA,PHL,13,B6
MIA,PHL,14,AA
MIA,PHL,15,UA
MIA,PHL,16,UA
MIA,PHL,17,AA
MIA,PHL,18,DL
MIA,PHL,19,AA
MIA,PHL,20,UA
MIA,PHL,21,AA
MIA,PHL,22,DL
MIA,PHL,23,AA
MIA,SFO,0,AA
MIA,SFO,1,B6
MIA,SFO,2,F9
MIA,SFO,3,F9
MIA,SFO,9,AA
MIA,SFO,10,DL
MIA,SFO,11,DL
MIA,SFO,12,UA
MIA,SFO,13,AA
MIA,SFO,14,UA
MIA,SFO,15,DL
MIA,SFO,16,UA
MIA,SFO,17,UA
MIA,SFO,18,DL
MIA,SFO,19,UA
MIA,SFO,20,DL
MIA,SFO,21,UA
MIA,SFO,22,DL
MIA,SFO,23,DL
OAK,ATL,0,DL
OAK,ATL,1,UA
OAK,ATL,2,F9
OAK,ATL,3,UA
OAK,ATL,4,NK
OAK,ATL,5,NK
OAK,ATL,10,DL
OAK,ATL,11,AS
OAK,ATL,12,UA
OAK,ATL,13,DL
OAK,ATL,14,UA
OAK,ATL,15,NK
OAK,ATL,16,AS
OAK,ATL,17,UA
OAK,ATL,18,DL
OAK,ATL,19,NK
OAK,ATL,20,DL
OAK,ATL,21,DL
OAK,ATL,22,AS
OAK,ATL,23,UA
OAK,BOS,0,AS
OAK,BOS,1,DL
OAK,BOS,2,NK
OAK,BOS,3,UA
OAK,BOS,4,AS
OAK,BOS,5,DL
OAK,BOS,12,DL
OAK,BOS,13,AS
OAK,BOS,14,UA
OAK,BOS,15,AS
OAK,BOS,16,AS
OAK,BOS,17,UA
OAK,BOS,18,DL
OAK,BOS,19,AS
OAK,BOS,20,DL
OAK,BOS,21,DL
OAK,BOS,22,AS
OAK,BOS,23,DL
OAK,CLT,0,DL
OAK,CLT,1,UA
OAK,CLT,2,F9
OAK,CLT,3,UA
OAK,CLT,4,UA
OAK,CLT,5,DL
OAK,CLT,12,DL
OAK,CLT,13,UA
OAK,CLT,14,UA
OAK,CLT,15,AS
OAK,CLT,16,AS
OAK,CLT,17,UA
OAK,CLT,18,UA
OAK,CLT,19,NK
OAK,CLT,20,NK
OAK,CLT,21,UA
OAK,CLT,22,AS
OAK,CLT,23,UA
OAK,DEN,0,DL
OAK,DEN,1,F9
OAK,DEN,2,F9
OAK,DEN,3,AS
OAK,DEN,4,NK
OAK,DEN,5,NK
OAK,DEN,12,DL
OAK,DEN,13,AS
OAK,DEN,14,DL
OAK,DEN,15,F9
OAK,DEN,16,AS
OAK,DEN,17,DL
OAK,DEN,18,DL
OAK,DEN,19,AS
OAK,DEN,20,DL
OAK,DEN,21,AS
OAK,DEN,22,AS
OAK,DEN,23,DL
OAK,DFW,0,AS
OAK,DFW,1,UA
OAK,DFW,2,NK
OAK,DFW,3,UA
OAK,DFW,4,NK
OAK,DFW,5,NK
OAK,DFW,10,DL
OAK,DFW,11,AS
OAK,DFW,12,UA
OAK,DFW,13,NK
OAK,DFW,14,UA
OAK,DFW,15,NK
OAK,DFW,16,F9
OAK,DFW,17,UA
OAK,DFW,18,UA
OAK,DFW,19,NK
OAK,DFW,20,UA
OAK,DFW,21,AS
OAK,DFW,22,AS
OAK,DFW,23,UA
OAK,DTW,0,UA
OAK,DTW,1,UA
OAK,DTW,2,NK
OAK,DTW,3,UA
OAK,DTW,4,UA
OAK,DTW,5,DL
OAK,DTW,12,UA
OAK,DTW,13,UA
OAK,DTW,14,UA
OAK,DTW,15,NK
OAK,DTW,16,UA
OAK,DTW,17,NK
OAK,DTW,18,UA
OAK,DTW,19,NK
OAK,DTW,20,DL
OAK,DTW,21,UA
OAK,DTW,22,AS
OAK,DTW,23,UA
OAK,EWR,0,AS
OAK,EWR,1,DL
OAK,EWR,2,NK
OAK,EWR,3,NK
OAK,EWR,4,NK
OAK,EWR,5,DL
OAK,EWR,12,DL
OAK,EWR,13,AS
OAK,EWR,14,DL
OAK,EWR,15,AS
OAK,EWR,16,AS
OAK,EWR,17,NK
OAK,EWR,18,DL
OAK,EWR,19,AS
OAK,EWR,20,DL
OAK,EWR,21,DL
OAK,EWR,22,AS
OAK,EWR,23,DL
OAK,IAD,0,DL
OAK,IAD,1,DL
OAK,IAD,2,AS
OAK,IAD,3,AS
OAK,IAD,4,AS
OAK,IAD,5,DL
OAK,IAD,12,DL
OAK,IAD,13,AS
OAK,IAD,14,DL
OAK,IAD,15,AS
OAK,IAD,16,AS
OAK,IAD,17,DL
OAK,IAD,18,DL
OAK,IAD,19,AS
OAK,IAD,20,DL
OAK,IAD,21,DL
OAK,IAD,22,AS
OAK,IAD,23,DL
OAK,JFK,0,AS
OAK,JFK,1,DL
OAK,JFK,2,AS
OAK,JFK,3,AS
OAK,JFK,4,AS
OAK,JFK,5,DL
OAK,JFK,12,DL
OAK,JFK,13,DL
OAK,JFK,14,DL
OAK,JFK,15,AS
OAK,JFK,16,AS
OAK,JFK,17,DL
OAK,JFK,18,DL
OAK,JFK,19,AS
OAK,JFK,20,DL
OAK,JFK,21,DL
OAK,JFK,22,AS
OAK,JFK,23,DL
OAK,LAX,0,AS
OAK,LAX,1,DL
OAK,LAX,2,NK
OAK,LAX,3,AS
OAK,LAX,4,AS
OAK,LAX,5,NK
OAK,LAX,12,DL
OAK,LAX,13,AS
OAK,LAX,14,AS
OAK,LAX,15,AS
OAK,LAX,16,AS
OAK,LAX,17,NK
OAK,LAX,18,AS
OAK,LAX,19,AS
OAK,LAX,20,DL
OAK,LAX,21,AS
OAK,LAX,22,AS
OAK,LAX,23,AS
OAK,LGA,0,DL
OAK,LGA,1,UA
OAK,LGA,2,UA
OAK,LGA,3,UA
OAK,LGA,4,UA
OAK,LGA,5,DL
OAK,LGA,12,UA
OAK,LGA,13,AS
OAK,LGA,14,UA
OAK,LGA,15,AS
OAK,LGA,16,AS
OAK,LGA,17,DL
OAK,LGA,18,DL
OAK,LGA,19,AS
OAK,LGA,20,DL
OAK,LGA,21,DL
OAK,LGA,22,UA
OAK,LGA,23,UA
OAK,MIA,0,AS
OAK,MIA,1,AS
OAK,MIA,2,F9
OAK,MIA,3,UA
OAK,MIA,4,UA
OAK,MIA,5,DL
OAK,MIA,12,UA
OAK,MIA,13,AS
OAK,MIA,14,UA
OAK,MIA,15,AS
OAK,MIA,16,UA
OAK,MIA,17,DL
OAK,MIA,18,DL
OAK,MIA,19,AS
OAK,MIA,20,DL
OAK,MIA,21,AS
OAK,MIA,22,AS
OAK,MIA,23,UA
OAK,ORD,0,AS
OAK,ORD,1,DL
OAK,ORD,2,AS
OAK,ORD,3,AS
OAK,ORD,4,AS
OAK,ORD,5,DL
OAK,ORD,12,DL
OAK,ORD,13,AS
OAK,ORD,14,DL
OAK,ORD,15,NK
OAK,ORD,16,AS
OAK,ORD,17,NK
OAK,ORD,18,DL
OAK,ORD,19,NK
OAK,ORD,20,DL
OAK,ORD,21,AS
OAK,ORD,22,AS
OAK,ORD,23,DL
OAK,PHL,0,DL
OAK,PHL,1,UA
OAK,PHL,2,F9
OAK,PHL,3,UA
OAK,PHL,4,NK
OAK,PHL,5,NK
OAK,PHL,12,UA
OAK,PHL,13,UA
OAK,PHL,14,UA
OAK,PHL,15,NK
OAK,PHL,16,UA
OAK,PHL,17,UA
OAK,PHL,18,UA
OAK,PHL,19,AS
OAK,PHL,20,DL
OAK,PHL,21,UA
OAK,PHL,22,UA
OAK,PHL,23,UA
OAK,SFO,0,AS
OAK,SFO,1,DL
OAK,SFO,2,AS
OAK,SFO,3,AS
OAK,SFO,4,AS
OAK,SFO,12,DL
OAK,SFO,13,DL
OAK,SFO,14,DL
OAK,SFO,15,AS
OAK,SFO,16,AS
OAK,SFO,17,DL
OAK,SFO,18,DL
OAK,SFO,19,AS
OAK,SFO,20,DL
OAK,SFO,21,DL
OAK,SFO,22,AS
OAK,SFO,23,DL
ORD,ATL,0,DL
ORD,ATL,1,AA
ORD,ATL,2,UA
ORD,ATL,10,NK
ORD,ATL,11,DL
ORD,ATL,12,DL
ORD,ATL,13,AA
ORD,ATL,14,DL
ORD,ATL,15,NK
ORD,ATL,16,AA
ORD,ATL,17,DL
ORD,ATL,18,AA
ORD,ATL,19,AA
ORD,ATL,20,DL
ORD,ATL,21,NK
ORD,ATL,22,DL
ORD,ATL,23,UA
ORD,BOS,0,DL
ORD,BOS,1,AA
ORD,BOS,2,UA
ORD,BOS,10,NK
ORD,BOS,11,AA
ORD,BOS,12,AA
ORD,BOS,13,AA
ORD,BOS,14,DL
ORD,BOS,15,UA
ORD,BOS,16,NK
ORD,BOS,17,AA
ORD,BOS,18,AA
ORD,BOS,19,DL
ORD,BOS,20,AA
ORD,BOS,21,AA
ORD,BOS,22,AA
ORD,BOS,23,B6
ORD,CLT,0,AA
ORD,CLT,1,AA
ORD,CLT,2,UA
ORD,CLT,10,NK
ORD,CLT,11,AA
ORD,CLT,12,AA
ORD,CLT,13,AA
ORD,CLT,14,AA
ORD,CLT,15,AA
ORD,CLT,16,AA
ORD,CLT,17,AA
ORD,CLT,18,AA
ORD,CLT,19,AA
ORD,CLT,20,AA
ORD,CLT,21,AA
ORD,CLT,22,DL
ORD,CLT,23,AA
ORD,DEN,0,UA
ORD,DEN,1,AA
ORD,DEN,2,UA
ORD,DEN,3,F9
ORD,DEN,4,F9
ORD,DEN,10,UA
ORD,DEN,11,DL
ORD,DEN,12,UA
ORD,DEN,13,AA
ORD,DEN,14,DL
ORD,DEN,15,UA
ORD,DEN,16,AA
ORD,DEN,17,UA
ORD,DEN,18,AA
ORD,DEN,19,UA
ORD,DEN,20,UA
ORD,DEN,21,UA
ORD,DEN,22,DL
ORD,DEN,23,AA
ORD,DFW,0,NK
ORD,DFW,1,AA
ORD,DFW,2,NK
ORD,DFW,3,F9
ORD,DFW,4,F9
ORD,DFW,10,NK
ORD,DFW,11,DL
ORD,DFW,12,DL
ORD,DFW,13,AA
ORD,DFW,14,DL
ORD,DFW,15,NK
ORD,DFW,16,AA
ORD,DFW,17,UA
ORD,DFW,18,AA
ORD,DFW,19,AA
ORD,DFW,20,AA
ORD,DFW,21,NK
ORD,DFW,22,DL
ORD,DFW,23,AA
ORD,DTW,0,DL
ORD,DTW,1,AA
ORD,DTW,2,UA
ORD,DTW,10,AA
ORD,DTW,11,AA
ORD,DTW,12,DL
ORD,DTW,13,AA
ORD,DTW,14,DL
ORD,DTW,15,UA
ORD,DTW,16,AA
ORD,DTW,17,AA
ORD,DTW,18,AA
ORD,DTW,19,UA
ORD,DTW,20,AA
ORD,DTW,21,AA
ORD,DTW,22,DL
ORD,DTW,23,AA
ORD,EWR,0,UA
ORD,EWR,1,AA
ORD,EWR,2,UA
ORD,EWR,3,UA
ORD,EWR,10,NK
ORD,EWR,11,UA
ORD,EWR,12,UA
ORD,EWR,13,AA
ORD,EWR,14,DL
ORD,EWR,15,NK
ORD,EWR,16,UA
ORD,EWR,17,UA
ORD,EWR,18,UA
ORD,EWR,19,UA
ORD,EWR,20,UA
ORD,EWR,21,AA
ORD,EWR,22,UA
ORD,EWR,23,AA
ORD,IAD,0,UA
ORD,IAD,1,AA
ORD,IAD,2,UA
ORD,IAD,10,AA
ORD,IAD,11,UA
ORD,IAD,12,DL
ORD,IAD,13,UA
ORD,IAD,14,DL
ORD,IAD,15,UA
ORD,IAD,16,UA
ORD,IAD,17,UA
ORD,IAD,18,UA
ORD,IAD,19,UA
ORD,IAD,20,UA
ORD,IAD,21,AA
ORD,IAD,22,DL
ORD,IAD,23,AA
ORD,JFK,0,UA
ORD,JFK,1,AA
ORD,JFK,2,UA
ORD,JFK,10,AA
ORD,JFK,11,UA
ORD,JFK,12,UA
ORD,JFK,13,UA
ORD,JFK,14,UA
ORD,JFK,15,UA
ORD,JFK,16,UA
ORD,JFK,17,UA
ORD,JFK,18,UA
ORD,JFK,19,UA
ORD,JFK,20,DL
ORD,JFK,21,UA
ORD,JFK,22,UA
ORD,JFK,23,AA
ORD,LAX,0,AA
ORD,LAX,1,UA
ORD,LAX,2,UA
ORD,LAX,3,NK
ORD,LAX,4,F9
ORD,LAX,10,NK
ORD,LAX,11,DL
ORD,LAX,12,UA
ORD,LAX,13,AA
ORD,LAX,14,UA
ORD,LAX,15,AA
ORD,LAX,16,AA
ORD,LAX,17,UA
ORD,LAX,18,AA
ORD,LAX,19,UA
ORD,LAX,20,AA
ORD,LAX,21,AS
ORD,LAX,22,AA
ORD,LAX,23,AA
ORD,LGA,0,B6
ORD,LGA,1,AA
ORD,LGA,2,UA
ORD,LGA,10,NK
ORD,LGA,11,AA
ORD,LGA,12,AA
ORD,LGA,13,AA
ORD,LGA,14,B6
ORD,LGA,15,AA
ORD,LGA,16,AA
ORD,LGA,17,AA
ORD,LGA,18,AA
ORD,LGA,19,AA
ORD,LGA,20,AA
ORD,LGA,21,AA
ORD,LGA,22,AA
ORD,LGA,23,UA
ORD,MIA,0,NK
ORD,MIA,1,AA
ORD,MIA,2,UA
ORD,MIA,10,AA
ORD,MIA,11,AA
ORD,MIA,12,AA
ORD,MIA,13,AA
ORD,MIA,14,DL
ORD,MIA,15,UA
ORD,MIA,16,AA
ORD,MIA,17,AA
ORD,MIA,18,AA
ORD,MIA,19,AA
ORD,MIA,20,AA
ORD,MIA,21,F9
ORD,MIA,22,AA
ORD,MIA,23,NK
ORD,OAK,0,DL
ORD,OAK,1,AS
ORD,OAK,2,NK
ORD,OAK,3,NK
ORD,OAK,10,NK
ORD,OAK,11,NK
ORD,OAK,12,DL
ORD,OAK,13,UA
ORD,OAK,14,UA
ORD,OAK,15,UA
ORD,OAK,16,AS
ORD,OAK,17,UA
ORD,OAK,18,UA
ORD,OAK,19,AS
ORD,OAK,20,UA
ORD,OAK,21,UA
ORD,OAK,22,AS
ORD,OAK,23,DL
ORD,PHL,0,AA
ORD,PHL,1,AA
ORD,PHL,2,UA
ORD,PHL,10,NK
ORD,PHL,11,AA
ORD,PHL,12,DL
ORD,PHL,13,AA
ORD,PHL,14,AA
ORD,PHL,15,NK
ORD,PHL,16,UA
ORD,PHL,17,AA
ORD,PHL,18,9K
ORD,PHL,19,AA
ORD,PHL,20,AA
ORD,PHL,21,AA
ORD,PHL,22,DL
ORD,PHL,23,UA
ORD,SFO,0,UA
ORD,SFO,1,UA
ORD,SFO,2,UA
ORD,SFO,3,UA
ORD,SFO,4,F9
ORD,SFO,10,UA
ORD,SFO,11,DL
ORD,SFO,12,UA
ORD,SFO,13,AA
ORD,SFO,14,UA
ORD,SFO,15,UA
ORD,SFO,16,AA
ORD,SFO,17,UA
ORD,SFO,18,AA
ORD,SFO,19,UA
ORD,SFO,20,UA
ORD,SFO,21,UA
ORD,SFO,22,AA
ORD,SFO,23,UA
PHL,ATL,0,AA
PHL,ATL,1,F9
PHL,ATL,2,F9
PHL,ATL,9,NK
PHL,ATL,10,AA
PHL,ATL,11,UA
PHL,ATL,12,AA
PHL,ATL,13,F9
PHL,ATL,14,AA
PHL,ATL,15,NK
PHL,ATL,16,NK
PHL,ATL,17,AA
PHL,ATL,18,UA
PHL,ATL,19,AA
PHL,ATL,20,DL
PHL,ATL,21,DL
PHL,ATL,22,AA
PHL,ATL,23,AA
PHL,BOS,0,AA
PHL,BOS,1,AA
PHL,BOS,9,NK
PHL,BOS,10,UA
PHL,BOS,11,UA
PHL,BOS,12,AA
PHL,BOS,13,AA
PHL,BOS,14,AA
PHL,BOS,15,NK
PHL,BOS,16,B6
PHL,BOS,17,AA
PHL,BOS,18,UA
PHL,BOS,19,AA
PHL,BOS,20,UA
PHL,BOS,21,B6
PHL,BOS,22,AA
PHL,BOS,23,B6
PHL,CLT,0,AA
PHL,CLT,1,AA
PHL,CLT,2,F9
PHL,CLT,9,DL
PHL,CLT,10,AA
PHL,CLT,11,DL
PHL,CLT,12,AA
PHL,CLT,13,AA
PHL,CLT,14,AA
PHL,CLT,15,NK
PHL,CLT,16,F9
PHL,CLT,17,AA
PHL,CLT,18,UA
PHL,CLT,19,AA
PHL,CLT,20,DL
PHL,CLT,21,AA
PHL,CLT,22,DL
PHL,CLT,23,AA
PHL,DEN,0,F9
PHL,DEN,1,F9
PHL,DEN,2,F9
PHL,DEN,9,DL
PHL,DEN,10,UA
PHL,DEN,11,DL
PHL,DEN,12,UA
PHL,DEN,13,AA
PHL,DEN,14,AA
PHL,DEN,15,UA
PHL,DEN,16,UA
PHL,DEN,17,DL
PHL,DEN,18,AA
PHL,DEN,19,UA
PHL,DEN,20,UA
PHL,DEN,21,AA
PHL,DEN,22,UA
PHL,DEN,23,AA
PHL,DFW,0,AA
PHL,DFW,1,F9
PHL,DFW,2,F9
PHL,DFW,9,DL
PHL,DFW,10,AA
PHL,DFW,11,DL
PHL,DFW,12,AA
PHL,DFW,13,NK
PHL,DFW,14,AA
PHL,DFW,15,DL
PHL,DFW,16,AA
PHL,DFW,17,DL
PHL,DFW,18,AA
PHL,DFW,19,AA
PHL,DFW,20,AA
PHL,DFW,21,DL
PHL,DFW,22,AA
PHL,DFW,23,AA
PHL,DTW,0,AA
PHL,DTW,1,F9
PHL,DTW,2,F9
PHL,DTW,9,DL
PHL,DTW,10,UA
PHL,DTW,11,UA
PHL,DTW,12,AA
PHL,DTW,13,NK
PHL,DTW,14,AA
PHL,DTW,15,NK
PHL,DTW,16,NK
PHL,DTW,17,AA
PHL,DTW,18,NK
PHL,DTW,19,AA
PHL,DTW,20,UA
PHL,DTW,21,UA
PHL,DTW,22,UA
PHL,DTW,23,AA
PHL,EWR,0,UA
PHL,EWR,9,DL
PHL,EWR,10,AA
PHL,EWR,11,AA
PHL,EWR,12,AA
PHL,EWR,13,B6
PHL,EWR,14,AA
PHL,EWR,15,DL
PHL,EWR,16,AA
PHL,EWR,17,AA
PHL,EWR,18,AA
PHL,EWR,19,AA
PHL,EWR,20,DL
PHL,EWR,21,AA
PHL,EWR,22,AA
PHL,EWR,23,AA
PHL,IAD,0,UA
PHL,IAD,9,DL
PHL,IAD,10,UA
PHL,IAD,11,DL
PHL,IAD,12,AA
PHL,IAD,13,9X
PHL,IAD,14,UA
PHL,IAD,15,UA
PHL,IAD,16,DL
PHL,IAD,17,AA
PHL,IAD,18,UA
PHL,IAD,19,AA
PHL,IAD,20,UA
PHL,IAD,21,DL
PHL,IAD,22,UA
PHL,IAD,23,AA
PHL,JFK,1,AA
PHL,JFK,9,DL
PHL,JFK,10,AA
PHL,JFK,11,DL
PHL,JFK,12,AA
PHL,JFK,13,AA
PHL,JFK,14,AA
PHL,JFK,15,DL
PHL,JFK,16,B6
PHL,JFK,17,AA
PHL,JFK,18,AA
PHL,JFK,19,AA
PHL,JFK,20,DL
PHL,JFK,21,B6
PHL,JFK,22,DL
PHL,JFK,23,B6
PHL,LAX,0,F9
PHL,LAX,1,F9
PHL,LAX,2,F9
PHL,LAX,9,AA
PHL,LAX,10,UA
PHL,LAX,11,DL
PHL,LAX,12,UA
PHL,LAX,13,B6
PHL,LAX,14,AA
PHL,LAX,15,DL
PHL,LAX,16,UA
PHL,LAX,17,AA
PHL,LAX,18,UA
PHL,LAX,19,AA
PHL,LAX,20,AA
PHL,LAX,21,UA
PHL,LAX,22,UA
PHL,LAX,23,AA
PHL,LGA,0,AA
PHL,LGA,1,AA
PHL,LGA,9,DL
PHL,LGA,10,AA
PHL,LGA,11,AA
PHL,LGA,12,AA
PHL,LGA,13,B6
PHL,LGA,14,AA
PHL,LGA,15,UA
PHL,LGA,16,B6
PHL,LGA,17,AA
PHL,LGA,18,AA
PHL,LGA,19,AA
PHL,LGA,20,UA
PHL,LGA,21,UA
PHL,LGA,22,DL
PHL,LGA,23,AA
PHL,MIA,0,F9
PHL,MIA,1,F9
PHL,MIA,2,F9
PHL,MIA,9,DL
PHL,MIA,10,AA
PHL,MIA,11,AA
PHL,MIA,12,AA
PHL,MIA,13,NK
PHL,MIA,14,AA
PHL,MIA,15,DL
PHL,MIA,16,NK
PHL,MIA,17,AA
PHL,MIA,18,UA
PHL,MIA,19,AA
PHL,MIA,20,DL
PHL,MIA,21,DL
PHL,MIA,22,AA
PHL,MIA,23,F9
PHL,OAK,0,F9
PHL,OAK,1,F9
PHL,OAK,2,F9
PHL,OAK,9,DL
PHL,OAK,10,UA
PHL,OAK,11,AS
PHL,OAK,12,UA
PHL,OAK,13,DL
PHL,OAK,14,UA
PHL,OAK,15,UA
PHL,OAK,16,UA
PHL,OAK,17,DL
PHL,OAK,18,DL
PHL,OAK,19,UA
PHL,OAK,20,UA
PHL,OAK,21,NK
PHL,OAK,22,AS
PHL,OAK,23,F9
PHL,ORD,0,AA
PHL,ORD,1,F9
PHL,ORD,2,F9
PHL,ORD,9,DL
PHL,ORD,10,AA
PHL,ORD,11,AA
PHL,ORD,12,AA
PHL,ORD,13,DL
PHL,ORD,14,AA
PHL,ORD,15,NK
PHL,ORD,16,AA
PHL,ORD,17,AA
PHL,ORD,18,AA
PHL,ORD,19,AA
PHL,ORD,20,AA
PHL,ORD,21,UA
PHL,ORD,22,UA
PHL,ORD,23,AA
PHL,SFO,0,F9
PHL,SFO,1,F9
PHL,SFO,2,F9
PHL,SFO,9,DL
PHL,SFO,10,DL
PHL,SFO,11,AS
PHL,SFO,12,AA
PHL,SFO,13,B6
PHL,SFO,14,AA
PHL,SFO,15,SY
PHL,SFO,16,UA
PHL,SFO,17,AA
PHL,SFO,18,UA
PHL,SFO,19,AA
PHL,SFO,20,AA
PHL,SFO,21,UA
PHL,SFO,22,AA
PHL,SFO,23,DL
SFO,ATL,0,AS
SFO,ATL,1,AS
SFO,ATL,2,F9
SFO,ATL,3,F9
SFO,ATL,4,B6
SFO,ATL,5,DL
SFO,ATL,6,UA
SFO,ATL,7,UA
SFO,ATL,8,UA
SFO,ATL,12,UA
SFO,ATL,13,DL
SFO,ATL,14,AS
SFO,ATL,15,AS
SFO,ATL,16,AA
SFO,ATL,17,UA
SFO,ATL,18,DL
SFO,ATL,19,AA
SFO,ATL,20,DL
SFO,ATL,21,DL
SFO,ATL,22,DL
SFO,ATL,23,DL
SFO,BOS,0,SY
SFO,BOS,1,UA
SFO,BOS,2,UA
SFO,BOS,3,B6
SFO,BOS,4,AA
SFO,BOS,5,AA
SFO,BOS,6,UA
SFO,BOS,7,UA
SFO,BOS,8,UA
SFO,BOS,12,UA
SFO,BOS,13,AA
SFO,BOS,14,AS
SFO,BOS,15,AA
SFO,BOS,16,AA
SFO,BOS,17,AA
SFO,BOS,18,AA
SFO,BOS,19,AA
SFO,BOS,20,DL
SFO,BOS,21,B6
SFO,BOS,22,B6
SFO,BOS,23,UA
SFO,CLT,0,DL
SFO,CLT,1,UA
SFO,CLT,2,F9
SFO,CLT,3,UA
SFO,CLT,4,UA
SFO,CLT,5,AS
SFO,CLT,6,UA
SFO,CLT,7,UA
SFO,CLT,8,UA
SFO,CLT,12,UA
SFO,CLT,13,DL
SFO,CLT,14,AS
SFO,CLT,15,DL
SFO,CLT,16,AA
SFO,CLT,17,AS
SFO,CLT,18,DL
SFO,CLT,19,UA
SFO,CLT,20,AA
SFO,CLT,21,AA
SFO,CLT,22,AA
SFO,CLT,23,AA
SFO,DEN,0,DL
SFO,DEN,1,UA
SFO,DEN,2,F9
SFO,DEN,3,UA
SFO,DEN,4,AS
SFO,DEN,5,UA
SFO,DEN,6,UA
SFO,DEN,7,F9
SFO,DEN,12,UA
SFO,DEN,13,UA
SFO,DEN,14,AS
SFO,DEN,15,UA
SFO,DEN,16,AA
SFO,DEN,17,UA
SFO,DEN,18,UA
SFO,DEN,19,AA
SFO,DEN,20,AS
SFO,DEN,21,UA
SFO,DEN,22,AS
SFO,DEN,23,UA
SFO,DFW,0,DL
SFO,DFW,1,UA
SFO,DFW,2,AS
SFO,DFW,3,UA
SFO,DFW,4,AA
SFO,DFW,5,DL
SFO,DFW,6,UA
SFO,DFW,7,UA
SFO,DFW,8,UA
SFO,DFW,12,UA
SFO,DFW,13,AA
SFO,DFW,14,UA
SFO,DFW,15,AA
SFO,DFW,16,AS
SFO,DFW,17,UA
SFO,DFW,18,UA
SFO,DFW,19,AA
SFO,DFW,20,DL
SFO,DFW,21,UA
SFO,DFW,22,AA
SFO,DFW,23,UA
SFO,DTW,0,AS
SFO,DTW,1,UA
SFO,DTW,2,DL
SFO,DTW,3,UA
SFO,DTW,4,B6
SFO,DTW,5,AS
SFO,DTW,6,UA
SFO,DTW,7,UA
SFO,DTW,12,UA
SFO,DTW,13,DL
SFO,DTW,14,AS
SFO,DTW,15,AS
SFO,DTW,16,UA
SFO,DTW,17,DL
SFO,DTW,18,DL
SFO,DTW,19,UA
SFO,DTW,20,DL
SFO,DTW,21,DL
SFO,DTW,22,AS
SFO,DTW,23,UA
SFO,EWR,0,SY
SFO,EWR,1,UA
SFO,EWR,2,UA
SFO,EWR,3,B6
SFO,EWR,4,UA
SFO,EWR,5,DL
SFO,EWR,6,UA
SFO,EWR,7,UA
SFO,EWR,8,UA
SFO,EWR,12,UA
SFO,EWR,13,DL
SFO,EWR,14,UA
SFO,EWR,15,UA
SFO,EWR,16,AA
SFO,EWR,17,UA
SFO,EWR,18,DL
SFO,EWR,19,AA
SFO,EWR,20,UA
SFO,EWR,21,B6
SFO,EWR,22,DL
SFO,EWR,23,UA
SFO,IAD,0,DL
SFO,IAD,1,UA
SFO,IAD,2,UA
SFO,IAD,3,UA
SFO,IAD,4,UA
SFO,IAD,5,DL
SFO,IAD,6,UA
SFO,IAD,7,UA
SFO,IAD,8,UA
SFO,IAD,12,UA
SFO,IAD,13,DL
SFO,IAD,14,AS
SFO,IAD,15,UA
SFO,IAD,16,AA
SFO,IAD,17,UA
SFO,IAD,18,DL
SFO,IAD,19,UA
SFO,IAD,20,DL
SFO,IAD,21,DL
SFO,IAD,22,AA
SFO,IAD,23,UA
SFO,JFK,0,AS
SFO,JFK,1,AS
SFO,JFK,2,DL
SFO,JFK,3,UA
SFO,JFK,4,B6
SFO,JFK,5,AA
SFO,JFK,6,AA
SFO,JFK,7,DL
SFO,JFK,12,AA
SFO,JFK,13,AA
SFO,JFK,14,AA
SFO,JFK,15,DL
SFO,JFK,16,UA
SFO,JFK,17,B6
SFO,JFK,18,B6
SFO,JFK,19,AA
SFO,JFK,20,B6
SFO,JFK,21,AS
SFO,JFK,22,B6
SFO,JFK,23,DL
SFO,LAX,0,DL
SFO,LAX,1,UA
SFO,LAX,2,DL
SFO,LAX,3,AS
SFO,LAX,4,AS
SFO,LAX,5,UA
SFO,LAX,6,UA
SFO,LAX,7,F9
SFO,LAX,12,AA
SFO,LAX,13,DL
SFO,LAX,14,AS
SFO,LAX,15,UA
SFO,LAX,16,AA
SFO,LAX,17,DL
SFO,LAX,18,UA
SFO,LAX,19,AA
SFO,LAX,20,UA
SFO,LAX,21,UA
SFO,LAX,22,DL
SFO,LAX,23,UA
SFO,LGA,0,DL
SFO,LGA,1,UA
SFO,LGA,2,UA
SFO,LGA,3,UA
SFO,LGA,4,AS
SFO,LGA,5,DL
SFO,LGA,6,UA
SFO,LGA,7,DL
SFO,LGA,8,UA
SFO,LGA,12,UA
SFO,LGA,13,DL
SFO,LGA,14,AS
SFO,LGA,15,DL
SFO,LGA,16,UA
SFO,LGA,17,UA
SFO,LGA,18,DL
SFO,LGA,19,AA
SFO,LGA,20,B6
SFO,LGA,21,B6
SFO,LGA,22,DL
SFO,LGA,23,UA
SFO,MIA,0,AS
SFO,MIA,1,UA
SFO,MIA,2,F9
SFO,MIA,3,B6
SFO,MIA,4,B6
SFO,MIA,5,DL
SFO,MIA,6,UA
SFO,MIA,7,UA
SFO,MIA,8,UA
SFO,MIA,12,UA
SFO,MIA,13,DL
SFO,MIA,14,AS
SFO,MIA,15,DL
SFO,MIA,16,UA
SFO,MIA,17,DL
SFO,MIA,18,UA
SFO,MIA,19,AA
SFO,MIA,20,DL
SFO,MIA,21,AA
SFO,MIA,22,DL
SFO,MIA,23,AA
SFO,OAK,0,DL
SFO,OAK,1,UA
SFO,OAK,2,DL
SFO,OAK,3,AS
SFO,OAK,4,UA
SFO,OAK,5,UA
SFO,OAK,12,UA
SFO,OAK,13,DL
SFO,OAK,14,AS
SFO,OAK,15,UA
SFO,OAK,16,AS
SFO,OAK,17,AS
SFO,OAK,18,UA
SFO,OAK,19,AS
SFO,OAK,20,UA
SFO,OAK,21,UA
SFO,OAK,22,DL
SFO,OAK,23,UA
SFO,ORD,0,UA
SFO,ORD,1,UA
SFO,ORD,2,UA
SFO,ORD,3,UA
SFO,ORD,4,AS
SFO,ORD,5,DL
SFO,ORD,6,UA
SFO,ORD,7,DL
SFO,ORD,8,UA
SFO,ORD,12,UA
SFO,ORD,13,AA
SFO,ORD,14,AS
SFO,ORD,15,UA
SFO,ORD,16,AA
SFO,ORD,17,UA
SFO,ORD,18,UA
SFO,ORD,19,AA
SFO,ORD,20,DL
SFO,ORD,21,UA
SFO,ORD,22,DL
SFO,ORD,23,UA
SFO,PHL,0,DL
SFO,PHL,1,AS
SFO,PHL,2,DL
SFO,PHL,3,F9
SFO,PHL,4,B6
SFO,PHL,5,AA
SFO,PHL,6,UA
SFO,PHL,7,UA
SFO,PHL,8,UA
SFO,PHL,12,UA
SFO,PHL,13,AA
SFO,PHL,14,AS
SFO,PHL,15,DL
SFO,PHL,16,AA
SFO,PHL,17,UA
SFO,PHL,18,DL
SFO,PHL,19,AA
SFO,PHL,20,DL
SFO,PHL,21,DL
SFO,PHL,22,AS
SFO,PHL,23,UA
